,name,url_x,survival,attack_x,skill_attack,difficulty,skill_0,skill_0_cooling,skill_0_cost,skill_0_desc,skill_1,skill_1_cooling,skill_1_cost,skill_1_desc,skill_2,skill_2_cooling,skill_2_cost,skill_2_desc,skill_3,skill_3_cooling,skill_3_cost,skill_3_desc,搭配英雄1,搭配英雄2,压制英雄1,压制英雄2,被压制英雄1,被压制英雄2,HP,HP_recover,MP,MP_recover,attack_y,attack_rank,cooling_reduce,crit_effect,crit_rate,defense,injury_reduction_rate,magic_attack,magic_defense,magic_injury_reduction_rate,magic_sunder_armor,magic_vampire,speed,speed_up,sunder_armor,tag_1,tag_2,tag_3,toughness,url_y,vampire,weapon_1,weapon_2,weapon_3,weapon_4,weapon_5,weapon_6
0,盘古,http://pvp.qq.com/web201605/herodetail/529.shtml,50,70,40,50,盘古斧,0,0,被动：盘古的斧头具有10点耐久度，每次普攻命中敌方英雄会消耗1点耐久度，消耗完后斧头会破碎变成两只能量臂出现在盘古的身体两侧，切换瞬间盘古无法攻击并不可被选中，每20秒斧头会自动回复1点耐久度，切换形态时会清空1，2技能50%的最大冷却时间。盘古斧：盘古使用斧头时，每次普攻命中敌人会使敌人的伤口裂开，在之后的2秒时间内持续流血每0.5秒造成对方2%最大生命值的物理伤害，流血伤害不触发末世。能量臂：盘古使用能量臂时，每次普攻和技能命中都会在敌人身上叠加1层眩晕标记，满5层会使敌人眩晕1秒并触发额外200（+100%物理加成）点物理伤害，此效果对同一目标有3秒的冷却时间。,狂怒突袭,12/11,0,盘古朝指定位置跳跃并获得持续3秒50%的移速增加效果，落地时对内圈的敌人造成200/240/280/320/360/400（+100%物理加成）点物理伤害，如果落地时攻击到敌人加速效果会被移除。盘古斧：在跳跃期间盘古可以再次使用狂怒突袭选中一名敌人，落地后盘古会立刻冲向选中的敌人并将其击退造成100/130/160/190/220/250（+60%物理加成）点物理伤害并自己停下，同时在3秒内增加10/20/30/40/50/60%的攻击速度。能量臂：处于能量臂状态下时，将无法使用第二次狂怒突袭冲击敌人,压制之握,12/11,0,盘古在目标身边召唤正义之手对敌人进行攻击，如果被正义之手握住，敌人会受到200/230/260/290/320/250（+75%物理加成）点物理伤害，并减少50%移动速度，持续2秒，期间盘古的普攻对其造成伤害时会回复自身6%最大百分比的血量。盘古斧：当盘古拥有斧头时，压制之握还会使敌人被缴械，缴械期间敌人无法使用普通攻击，持续2秒。能量臂：处于能量臂状态下时，压制之握将不具备缴械效果,开天辟地,60/55/50,0,盘古向上跃起，将力量汇聚到斧头上。力量汇聚完毕后盘古会将斧头朝前劈下，地面会朝前逐渐裂开，被地面的裂纹触碰的敌人会受到600/900/1200（+120%物理加成）点物理伤害并减少90%移动速度，持续2秒；减速效果在2秒内持续衰减，期间敌人被缴械；蓄力期间盘古可以吸收附近友方英雄的力量，每吸收1个就能多劈出一道裂缝，最多劈出5道；当多道裂缝命中同一个目标时，从第二道裂缝开始将只造成25%的伤害。此技能只有在盘古拥有斧头时才可以使用，蓄力期间盘古处于霸体状态。蓄力期间被打断会返还部分冷却时间。,鬼谷子,白起,后羿,孙悟空,庄周,吕布,,,,,,,,,,,,,,,,,,,,,,,,,,,,,,,
1,猪八戒,http://pvp.qq.com/web201605/herodetail/511.shtml,70,50,50,60,毫发无伤,0,0,被动：猪八戒损失的生命会以残血形态暂存，暂存期间猪八戒对英雄\非英雄造成伤害50%\25%(计算忽略敌方免伤)的等值残血会转化为真实血量。残血产生7秒后开始以每秒3%最大生命值的速度自动消减。九齿钉耙乃神兵，普攻附带40（+0.5%最大生命加成）点物理伤害,肉弹蹦床,8,0,猪八戒奋力跳起，落地时对砸到的敌人造成150/165/180/195/210/225（+8%最大生命加成）点物理伤害。之后弹性极佳的身体会再次高高弹起，并在落地时造成相同伤害，以及0.75秒晕眩效果。再次落地时由于惯性极大，猪八戒会快速翻滚一段距离。跳跃期间猪八戒处于霸体状态,倒打一耙,11/10,0,猪八戒将钉耙变长直击前方敌人，造成150/180/210/240/270/300（+50%物理加成）点物理伤害和1.5秒60%减速效果。钉耙若嵌入地形，猪八戒会借力冲撞至嵌入处，并将路径上敌人击退至该处。猪八戒撞击地形时，造成150/165/180/195/210/225/（+6%最大生命加成）点物理伤害和1秒晕眩。被动：使用倒打一耙后，下次普攻会用钉耙把敌人拉回来,圈养时刻,36/32/28,0,猪八戒筑起一堵高墙，英雄无法移动穿越；墙最多存在4秒；筑起瞬间对身前敌人造成250/325/400/(（+90%物理加成）点物理伤害；施法时猪八戒霸体,嫦娥,貂蝉,项羽,后羿,李白,百里守约,,,,,,,,,,,,,,,,,,,,,,,,,,,,,,,
2,嫦娥,http://pvp.qq.com/web201605/herodetail/515.shtml,80,10,80,40,月盈,0,0,被动：嫦娥受到月光的守护，以自身法力值产生的护盾抵挡60%伤害，每1点法力抵挡2点伤害；嫦娥的法力值越高造成的伤害越高（最高满蓝提升100%伤害），每1点法术强度会提升嫦娥1.5点最大法力值,月辰,12/11,0,嫦娥向指定方向释放能量，对命中的第一个目标造成150/180/210/240/270/300（+25%法术加成）点法术伤害并标记敌方3秒同时造成1秒定身效果，定身时长随法术强度影响，每100点法术强度额外造成0.15秒定神，最高定身2.5秒；命中后增加嫦娥30%移速持续3秒。嫦娥的普攻与技能伤害能够引爆标记，对范围内的敌人造成150/180/210/240/270/300（+25%法术加成）点法术伤害和50%减速持续1秒；被动：嫦娥的普通攻击变为法术伤害造成80点法术伤害，每过5秒的第一次普攻射程提升并会造成额外80（+10%法术加成）点法术伤害并回复自身最大蓝量5%；,月旋,8,0,短暂的延迟后，嫦娥在身边和指定位置召唤法力旋涡持续4秒，每次消耗范围内敌人10点法力值并回复自身0.5～1%最大法力值（随技能等级成长），造成40/50/60/70/80/90（+8%法术加成）点法术伤害；敌方英雄法力值不足时，不足消耗的法力值将转成对其造成同等的法术伤害,月芒,8,0,嫦娥解放狂暴的魔道力量提升自身30%移速，疯狂倾泻自身的法力值并随机向周围发射法力弹幕，每颗弹幕消耗40点法力，升级提升每秒弹幕数量（8/12/16）对命中的敌人造成110点法术伤害,鬼谷子,白起,上官婉儿,李白,伽罗,吕布,,,,,,,,,,,,,,,,,,,,,,,,,,,,,,,
3,上官婉儿,http://pvp.qq.com/web201605/herodetail/513.shtml,30,20,90,80,笔阵,0,0,被动：上官婉儿每第三次普攻将进行强化攻击，会对一条路径上的敌人额外造成300（+40%法术加成）点法术伤害。上官婉儿各个技能的笔墨相互触碰的时候会迸发笔力，对附近敌人造成300（+40%法术加成）点法术伤害（1秒内连续命中伤害衰减50%），上官婉儿触碰笔力恢复150（+20%法术加成）点生命值并激活强化普攻。,篆法·疾势,5,50,上官婉儿朝指定方向挥出一记力道苍劲的笔墨，笔墨将会迅速减缓飞行速度并对触碰的敌人造成300/340/380/420/460/500(+40%法术加成）点法术伤害，当达到最远距离时，笔墨将会爆炸散开，对附近敌人造成300/340/380/420/460/500(+40%法术加成）点法术伤害,飞白·藏锋,1,60,上官婉儿选择一个点，然后以自己的位置为终点进行书写，落笔的一瞬间对触碰的敌人造成150/180/210/240/270/300(+20%法术加成）点法术伤害，书写过程中将会对触碰敌人造成300/360/420/480/540/600(+40%法术加成）点法术伤害和50%减速持续2秒（每12秒储存一次笔势，最多可储备2次),章草·横鳞,40/35/30,100,上官婉儿与笔墨共舞对一条路径上的敌人造成300/385/470(+24%法术加成）点法术伤害。如果在冲刺过程中命中了敌人或者其它主动技能的笔势，则可以在3秒内再次通过移动指令发出冲刺（至多可冲刺5次，停止期间可以攻击和施法，中断时根据释放次数返还20%到80%CD）。如果上官婉儿完成了5次冲刺，会跳跃至高空（期间不可被选中），不断朝附近敌人发出攻击造成425/550/675(+34%法术加成）点法术伤害（累计10次攻击，对同一单位伤害衰减到50%）,鬼谷子,刘邦,高渐离,后羿,张良,花木兰,3389,48,490,18,156,远程,0,200%,0,93,13%,0,50,7.6%,0,0,350,0,0,突进,法师,,0,http://news.17173.com/z/pvp/yxtj/sgwe/,0,冷静之靴,回想之杖,噬神之书,痛苦面具,博学者之怒,辉月
4,李信,http://pvp.qq.com/web201605/herodetail/507.shtml,60,60,60,50,灰暗利刃,0,0,被动：李信逐渐解放力量，普攻与2技能命中英雄能够获得额外5点经验值；狂暴利刃：李信普通攻击会造成两段伤害，第一段造成70%物理加成点物理伤害，第二段造成90～300点物理伤害（随人物等级成长），李信在该形态下会增加30点移速；辉耀利刃：李信释放技能后的下一次普通攻击距离提升并额外造成50%伤害，同时李信的强化普攻或者技能命中敌人将会减少所有技能1秒冷却时间,急速突进,8/7/6/5/4/3,0,李信向指定方向进行突进；无畏冲锋：李信积蓄力量，解除减速效果，免疫控制并增加150点移动速度和每0.5秒50点生命回复，如果李信蓄力超过1秒，在蓄力结束时会提升30%攻击速度持续3秒，同时蓄力增加的移动速度也不会直接结束而是在3秒内缓慢结束。李信每次普攻命中敌人都可以减少一技能1秒的冷却时间；希望之跃：李信积蓄力量，结束后向指定方向突进并造成100/120/140/160/180/200（+50%物理加成）～300/360/420/480/540/600（+150%物理加成）点物理伤害并会附加目标已损生命值12%的物理伤害。蓄力1秒后伤害达到上限，蓄力打断返还40%的冷却时间，李信在技能蓄力的过程中免疫控制效果并减少20%所受到的伤害，免疫控制效果会延续到技能释放阶段,强力斩击,5,0,李信向指定方向斩出剑气，对路径上敌人造成250/300/350/400/450/500（+100%物理加成）物理伤害和减速持续2秒；残暴撕裂：李信向指定方向斩出剑气，对路径上的敌人造成280/330/380/420/480/530（+80%物理加成）点物理伤害和50%减速持续2秒，被剑气命中的敌人还会被撕裂，使得李信的普通攻击会对其造成额外90/108/126/144/162/180点物理伤害，当剑气命中敌方英雄时，李信该形态下的普通攻击还可以回复25/30/35/40/45/50点生命值；迅烈之华：李信持续向指定方向斩出剑气，对路径上敌人造成100/120/140/160/180/200（+150%物理加成）点物理伤害，如果剑气命中敌人，则李信回复10%物理加成点生命值,力量觉醒·光,30,0,李信学习大招的瞬间解放魔道家族的力量，改变战斗形态至统御；暗影爆发：李信释放力量，短暂延迟后以释放点为中心对范围内敌人造成600/900/1200（+120%物理加成）点物理伤害和0.75秒击飞；光翼连斩：李信积蓄力量，结束后向指定方向斩出三道剑气，对路径上敌人造成150/200/250（+75%物理加成）～450/600/750（+225%物理加成）点物理伤害，当多道剑气命中同个目标时，从第二道剑气开始将只造成30%的伤害；蓄力1秒后伤害达到上限，蓄力打断会返还40%的冷却时间，李信在技能蓄力的过程中免疫控制效果并减少20%所受到的伤害，免疫控制效果会延续到技能释放阶段,张飞,孙膑,露娜,甄姬,沈梦溪,马可波罗,3418,52,0,0,176,近程,0,200%,0,106,15%,0,50,7.6%,0,0,370,0,0,突进,团控,,0,http://news.17173.com/z/pvp/yxtj/lx/,0,影忍之足,暗影战斧,破军,名刀,魔女斗篷,不详征兆
5,沈梦溪,http://pvp.qq.com/web201605/herodetail/312.shtml,30,10,80,40,暴躁节奏,0,0,被动：沈梦溪的技能命中目标后会将敌人点燃，点燃效果将持续3秒，使用普通攻击命中被点燃的敌人会触发爆炸对附近的敌人造成100（+16%法术加成）点法术伤害。同时被点燃的敌人会暴露视野且移动速度降低20%,喵咪炸弹,2,40,沈梦溪蓄力后朝目标位置投掷一枚喵咪炸弹，爆炸后对范围内的敌人造成450/510/570/630/690/750(+50%法术加成）点法术伤害。炸弹投掷的最远距离和蓄力时间成正比，蓄力达1秒后射程达到上限；如果沈梦溪自身处于点燃状态，猫咪炸弹将锁定敌人，命中后会将敌人击退造成360/408/456/504/552/600(+40%法术加成）点法术伤害同时炸弹会继续朝前弹一段距离落地爆炸再次造成405/459/513/567/621/675(+45%法术加成)点法术伤害。炸弹每10秒获得一枚，最多可以存储5枚，获取速度受冷却缩减影响；,正常操作,12/11,70,沈梦溪失误点燃了自己，期间移动速度增加100%并持续衰减，5秒后身上的炸弹会被引爆将沈梦溪朝前炸出一段距离，同时会将路径上的敌人炸晕并造成500/560/620/680/740/800（+65%法术加成）点法术伤害；点燃期间可以手动熄灭身上的火焰，冷却时间根据已燃烧的时间增加；在沈梦溪被点燃期间猫咪炸弹的投掷方式会发生变化。,综合爆款,5,100,沈梦溪蓄力后朝目标位置投掷一枚EX型混合炸弹，爆炸后对范围内的敌人造成500/700/900（+50%法术加成）点法术伤害，并在之后的2秒时间内累计造成250/350/450（+25%法术加成）点法术伤害，同时分裂出3枚猫咪炸弹朝四周散落，落地后爆炸对附近的敌人造成250/350/450（+25%法术加成）点法术伤害。炸弹投掷的最远距离和蓄力时间成正比；蓄力达2秒后射程达到上限。EX型混合炸弹每50秒会获得一枚，最多可以储存2枚，获取速度受冷却缩减影响。,鬼谷子,白起,黄忠,鲁班七号,兰陵王,阿轲,3238,46,440,15,171,远程,0,200%,0,87,12.6%,0,50,7.6%,0,0,360,0,0,远程,法师,,0,http://news.17173.com/z/pvp/yxtj/smx/,0,冷静之靴,痛苦面具,回想之杖,博学者之怒,巫术法杖,虚无法杖
6,伽罗,http://pvp.qq.com/web201605/herodetail/508.shtml,20,90,40,20,破魔之箭,0,0,被动：伽罗的普攻与技能伤害将会优先对目标的护盾效果造成一次等额的伤害,渡灵之箭,1,0,伽罗展开长弓，攻击间隔增长25%并提升200点射程；在此形态下，伽罗的每一次射击都会消耗50点法力值，并使目标获得持续2秒的损伤，每0.5秒额外造成45/47/49/51/53/55（+5%物理加成）点法术伤害,静默之箭,12/11,75,伽罗以长弓为施法媒介，张开法阵，并在一定的延迟后向指定方向射出破魔之箭，对路径上的敌人造成250/280/310/340/370/400（+40%物理加成）点法术伤害与0.5秒沉默及50%减速持续1秒，箭矢穿过区域在1秒后会爆炸对范围内敌人造成500/560/620/680/740/800（+80%物理加成）点法术伤害,纯净之域,40/35/30,100,伽罗在身边张开法阵持续8秒并可手动关闭，提升范围内友军20%暴击率；法阵在张开和关闭的瞬间会对范围内敌军造成250/350/450(+75%物理加成)点法术伤害，关闭时会对尚在法阵中的友军产生一个持续3秒的20%暴击率与20%移速增加的效果；被动：伽罗的暴击会对目标造成90%减速持续0.5秒；,蔡文姬,太乙真人,关羽,张飞,兰陵王,阿轲,3173,39,490,18,184,远程,0,200%,0,84,12.2%,0,50,7.6%,0,0,350,0,0,团队增益,射手,,0,http://news.17173.com/z/pvp/yxtj/jl/,0,极速战靴,末世,无尽战刃,影刃,破晓,贤者的庇护
7,盾山,http://pvp.qq.com/web201605/herodetail/509.shtml,100,30,40,30,天地化盾,0,0,被动：盾山借助生成的石盾可完全抵挡掉大量的子弹技能，并且防御状态下获得30%免伤效果；庞大的身躯使得盾山的普通攻击将造成附带自身最大生命4%加成的物理伤害,一夫当关,3,0,盾山降低50%移速横盾于身前进入防御状态，触碰石盾的敌人会被击退并对其造成250/300/350/400/450/500(+50%物理加成）点物理伤害,万夫莫开,8/7,50,盾山向前冲锋击退身前的野怪小兵并造成550/620/690/760/830/900(+100%物理加成）点物理伤害，并且会扔回第一下撞到的敌方英雄，敌方英雄落地会对周围造成1秒晕眩和550（+100%物理加成）点物理伤害。可在技能不动如山持续期间使用，使用将立即收回张开的巨盾,不动如山,40/35/30,100,盾山掀开身边的敌方单位造成300/400/500（+60%物理加成）点物理伤害，然后张开巨盾砸向地面造成300（+60%物理加成）点物理伤害和击退，被砸晕击退单位减缓移动速度50%持续1秒，后续的能量流动持续推开面前的敌人，造成的伤害将衰减50%,鲁班七号,女娲,马可波罗,后羿,吕布,周瑜,3481,48,420,15,207,近程,0,200%,0,126,17.3%,0,50,7.6%,0,0,370,0,0,团控,辅助,,0,http://news.17173.com/z/pvp/yxtj/ds/,0,救赎之翼,抵抗之靴,不详征兆,魔女斗篷,霸者重装,反伤刺甲
8,司马懿,http://pvp.qq.com/web201605/herodetail/137.shtml,50,50,90,50,静默之语,0,0,被动：司马懿能够获得2000范围内施法者的视野且该范围内地方释放技能会为司马懿回复5带你能量；司马懿基础拥有80点能量（每级提升3点能量上限），同时每次击杀或者助攻能够提升10点能量上限，将普攻替换为巨大的镰刀攻击造成法术伤害，持续4秒，镰刀每击造成250（+40%法术加成）点法术伤害，替换为镰刀后的首次攻击可位移到目标身后造成500（+80%法术加成）点法术伤害,幽影之咬,7,40,司马懿释放无法被选中的灵体，过程中本体免疫控制，对穿过的敌人造成100/120/140/160/180/200（+20%法术加成）点法术伤害，效果结束后本体将会移动至灵体的位置，并对路径上的敌人造成100/120/140/160/180/200（+20%法术加成）点法术伤害和50%减速持续1秒,荒芜之域,7,40,司马懿释放灵力，压制周围的区域造成300/350/400/450/500/550（+35%法术加成）点法术伤害与1秒沉默，如果司马懿2秒后还在被压制的区域中则会获得25/30/35/40/45/50点的能量；被动：司马懿吸收部分的法术伤害时，将其中30%在5秒内转化为生命值,死神降临,35/30/25,40,司马懿化身死神，在短暂的蓄力后向指定地点冲击，造成700/875/1050（100%法术加成）点法术伤害，并且会对冲击路径触碰的敌人造成50%伤害,项羽,干将莫邪,宫本武藏,诸葛亮,铠,东皇太一,3196,45,80,10,179,远程,0,200%,0,87,12.6%,0,50,7.6%,0,0,370,0,0,突进,刺客,,0,http://news.17173.com/z/pvp/yxtj/smy/,0,冷静之靴,痛苦面具,回响之杖,辉月,博学者之怒,虚无法杖
9,孙策,http://pvp.qq.com/web201605/herodetail/510.shtml,70,50,70,50,怒潮,0,0,被动：每过6秒，孙策的下一次普攻附带额外110(+60%物理加成)点物理伤害，并回复自身55（+30%物理加成）（+3%已损生命）点生命值;被动：每次受到物理伤害或真实伤害时，孙策获得1层不屈效果：护甲值提升20点，持续6秒，可叠加10层,劈风斩浪,8,50,孙策向前冲锋，对路径上敌人造成120/144/168/192/216/240（+50%物理加成）点物理伤害。冲锋到终点后造成一次范围240/288/336/384/432/480（+100%物理加成）点物理伤害，短暂延迟后这个范围喷发波涛，再次造成相同伤害，并对命中敌人造成1秒击飞效果,惊涛骇浪,10/9,70,连续三次向前踏步并劈砍，每次造成的物理伤害逐渐提高25%，基础造成160/192/224/256/288/320（+60%物理加成）点物理伤害，每次命中敌人造成30%减速，减速效果可叠加。使用技能会重置普通攻击冷却时间,长帆破浪,45/40/35,100,驾船冲锋，速度逐渐提升，期间霸体，冲锋持续7秒。撞到兵线野怪造成伤害和击飞，撞到阻挡物、敌方英雄、航行时间结束时船都会爆炸造成300/450/600（+120%物理加成）点物理伤害和击飞，击飞时间1～1.5秒（与已航行时间成正比）。航行过程中可释放第二段，释放后船继续航行固定距离，同时孙策弃船朝选定方向跳跃固定距离。撞击到敌方英雄会获取5层不屈效果,哪吒,牛魔,程咬金,王昭君,大乔,项羽,3357,80,420,15,151,近程,0,200%,0,97,13.9%,0,50,7.6%,0,0,380,0,0,突进,坦克,,0,http://news.17173.com/z/pvp/yxtj/sc/,0,暗影战斧,抵抗之靴,冰痕之握,反伤刺甲,魔女斗篷,贤者的庇护
10,元歌,http://pvp.qq.com/web201605/herodetail/125.shtml,10,50,90,100,秘术·操控,0,0,被动：傀儡将继承元歌全部装备（除复活甲）效果以及部分BUFF效果，傀儡普通攻击附带0~195（+100%物理加成）点物理伤害(基础伤害随1技能等级成长)，获得的金币经验与部分BUFF效果都会共享给元歌，傀儡被杀死会暴露元歌的视野，禁止傀儡使用，同时对元歌造成晕眩；每当傀儡回归本体，本体都会清除控制效果并获得40%加速持续1秒和200（+62%物理加成）点护盾效果,秘术·影,20,100,元歌将傀儡向指定方向掷出，对路径上敌人造成300/360/420/480（+125%额外物理加成）点物理伤害和击飞效果，并开始操控傀儡，傀儡会模仿一个敌方英雄直到攻击或者受到攻击；傀儡位于元歌900范围内时元歌会进行自动攻击；傀儡超过元歌2500范围5秒后会自动销毁；傀儡一旦死亡或销毁控制权将立即转回元歌本体身上并被禁用25秒,秘术·纸雏鸾,11/10/9/8,60,元歌在短暂延迟后向指定方向掷出4枚暗器，对路径上敌人造成450/550/650/750（+220%额外物理加成）物理伤害，暗器可以连续命中多枚，但伤害将折减70%,秘术·十字闪,11/10/9/8,60,元歌甩出丝线向后拉扯，每根丝线对命中目标造成250/295/340/385（+100%额外物理加成）点物理伤害，被两条丝线命中的单位将会受到额外已损生命16%的物理伤害和50%减速效果持续2秒,白起,鬼谷子,鲁班七号,狂铁,兰陵王,阿轲,2637,40,490,17,152,远程,0,200%,0,86,12.5%,0,50,7.6%,0,0,350,0,0,突进,刺客,,0,http://news.17173.com/z/pvp/yxtj/yg/,0,暗影战斧,抵抗之靴,冰痕之握,破军,碎星锤,名刀
11,米莱狄,http://pvp.qq.com/web201605/herodetail/504.shtml,20,10,80,40,机械仆从,0,0,"被动：直接被米莱狄或者机械仆从击杀的单位（除敌方机械仆从以外），会在其附近召唤1个机械仆从（至多存活8秒），短暂时间后冲向附近的敌人进行攻击。（机械仆从的攻击力,生命值和移动速度受到米莱狄的法术强度加成，机械仆从至多存在5个，超过上限时自动引爆更早的机械仆从）。机械仆从如果没有被击杀，生存期结束后将会发生爆炸对附近敌人造成200（+30%法术加成）点法术伤害。机械仆从攻击力：150（+30%法术加成）,机械仆从生命值：500（+100%法术加成）,机械仆从移动速度：450（+10%法术加成）",空中力量,8/7,60,米莱狄指挥飞行器朝指定方向飞出，对沿路的敌人进行扫射造成60/70/80/90/100/110（+6%法术加成）点法术伤害。飞行器连续攻击2次以后，下一次攻击将会对目标发射一枚导弹，造成120（+12%法术加成）点法术伤害。飞行器在飞行的过程中，米莱狄可以发出指令让飞行器进行一次分裂，变为2个飞行器进行攻击，分裂的飞行器造成45/53/61/69/77/85（+4%法术加成）点法术伤害如果敌人同时受到2个飞行器的攻击，将会被减速50%持续1.5秒。,强制入侵,3,25,米莱狄标记一个位置，短暂时间后召唤两个机械仆从，落地时对附近敌人造成100/120/140/160/180/200（+20%法术加成）点法术伤害，并在1秒后激活，自动攻击附近的敌方单位，机械仆从存活至多8秒。每20/19/18/17/16/15秒储备一个机械仆从，至多储备3个,浩劫磁场,35/30/25,100,米莱狄朝指定目标发出一颗信号装置，标记并晕眩敌人持续0.75秒（可对建筑释放但晕眩无效），被标记目标受到磁场干扰每0.5秒造成100/150/200（+5%法术加成）点法术伤害，并减少30%移动速度持续3秒，干扰效果结束时引发磁场爆炸攻击附近的敌人，造成基于干扰期间来自米莱狄和她的机械部队对其造成的总伤害30%/40%/50%法术伤害。如果磁场爆炸直接击败了被标记的英雄或者在标记期间死亡，将在其附近召唤3个机械仆从。当机械仆从发现标记的目标时，将会立即冲向该目标发起攻击。大招开启时，范围内的友方机械仆从增加100%的攻击速度和100%的移动速度,橘右京,李白,韩信,露娜,苏烈,花木兰,3166,45,490,18,165,远程,0,200%,0,91,13.1%,0,50,7.6%,0,0,360,0,0,远程消耗,法师,,0,http://news.17173.com/z/pvp/yxtj/mld/index.shtml,0,回响之杖,秘法之靴,博学者之怒,痛苦面具,冰霜法杖,贤者之书
12,狂铁,http://pvp.qq.com/web201605/herodetail/503.shtml,60,60,60,50,无畏战车,0,0,"被动：狂铁的武器在击中敌人时会激发电流，进而为武器充能。普攻每命中一个英雄/非英雄回复7点/5点能量,技能每命中一个英雄/非英雄回复10点/7点能量，最多可储存90点能量。充能＞30点时，技能会获得不同的强化效果。每次普攻附带50点物理伤害，并在命中敌人时回复70（+15%物理加成）点自身生命值。强化技能使用时会消耗30点能量，且不会因击中敌人而获取能量。脱离战斗后，能量每秒减少3点。",碎裂之刃,5,0,狂铁奋力向前横挥武器两次，每次造成150/170/190/210/230/250(+100%物理加成)点物理伤害。每命中一个敌人回复自身已损生命值2%+30/36/42/48/54/60（+16%物理加成）点生命值。充能强化：伤害提升至225/255/285/315/345/375（+150%物理加成）点物理伤害，生命回复提升至已损生命值4%+60/72/84/96/108/120（+32%物理加成）点生命值。作用于非英雄单位时，生命回复效果减半。,强袭风暴,10/9,0,狂铁向前冲锋，冲锋路径上的敌人受到150/180/210/240/270/300(+75%物理加成)点物理伤害。冲锋结束后，狂铁的下次普攻得到强化，造成200/240/280/320/360/400（+100%物理加成）点物理伤害和50%减速效果持续2秒。充能强化：在释放强化普攻时若能量＞30，强化普攻伤害提升至300/360/420/480/540/600（+150%物理加成）点物理伤害，对受击者造成1秒击飞和晕眩，以及之后1秒50%减速。且在释放第一次强化普攻时消耗30点能量,力场压制,12,0,狂铁将武器重重砸向地面，使电流向周围蔓延，电流对触及的敌人造成250/375/500（+100%物理加成）点物理伤害和1.5秒50%减速。强烈的电流还会形成可抵挡1000/1500/2000点伤害的护盾，护盾最多可持续6秒。充能强化：伤害提升375/563/751（+150%物理加成）点物理伤害，护盾值提升至1500/2250/3000。,鬼谷子,刘邦,夏侯惇,孙悟空,孙尚香,孙膑,3263,50,90,0,166,近程,0,200%,0,95,13.6%,0,50,7.6%,0,0,390,0,0,突进,战士,,0,http://news.17173.com/z/pvp/yxtj/kt/index.shtml,0,抵抗之靴,暗影战斧,反伤刺甲,不死鸟之眼,不详征兆,破军
13,弈星,http://pvp.qq.com/web201605/herodetail/197.shtml,40,30,90,60,气合,90,0,被动：受到致命伤害时，弈星会遁入虚无，免疫所有伤害并提升30%移动速度，持续1秒，并在旁边自动生成两颗棋子，这个效果有90秒CD。弈星的普通攻击会造成70（+100%物理加成）（+20%法术加成）点法术伤害。,定式·镇神,1,35,"在指定地点放置一颗黑色棋子，棋子生成时会对周围敌人造成200/240/280/320/360/400（+16%法术加成）点法术伤害。黑白棋子如果距离低于1000，则会互相吸引并爆炸，对范围内的敌人造成400（+32%法术加成）点法术伤害和90%减速持续1秒(爆炸伤害随英雄等级成长,2秒内连续受到爆炸后续伤害将衰减30%)。棋子每8/7.6/7.2/6.8/6.4/6秒存储一发（受到减CD属性影响），最多存储4颗，每颗棋子最多持续15秒。被动：棋子被动爆炸命中敌方英雄后会提高弈星30/60/90/120/150/180法术强度（随1技能等级成长），持续3秒，最多叠加4层",定式·倚盖,1,35,"在指定地点放置一颗白色棋子，棋子生成时会对周围敌人造成200/240/280/320/360/400（+16%法术加成）点法术伤害。黑白棋子如果距离低于1000，则会互相吸引并爆炸，对范围内的敌人造成400（+32%法术加成）点法术伤害和90%减速持续1秒(爆炸伤害随英雄等级成长,2秒内连续受到爆炸后续伤害将衰减30%)。棋子每8/7.6/7.2/6.8/6.4/6秒存储一发（受到减CD属性影响），最多存储4颗，每颗棋子最多持续15秒。被动：棋子被动爆炸命中敌方英雄后会提高弈星8%/16%/24%/32%/40%/48%攻速（随2技能等级成长），持续3秒，最多叠加4层",天元,80/75/70,120,弈星划出一个巨大的虚空棋盘，棋盘上会自动生成4颗棋子。释放技能2秒后棋盘完全成型，成型时对棋盘内的敌人造成480/720/960（+72%法术加成）点法术伤害和0.5秒眩晕，棋盘完全成型后所有棋盘上的敌人将无法离开棋盘范围，棋盘成型后共持续4秒。,黄忠,鬼谷子,诸葛亮,阿轲,嬴政,李元芳,3176,45,490,17,171,远程,0,200%,0,90,13%,0,50,7.6%,0,0,370,0,0,远程消耗,法师,,0,http://news.17173.com/z/pvp/yxtj/yixing/index.shtml,0,冷静之靴,回响之杖,巫术法杖,痛苦面具,博学者之怒,虚无法杖
14,裴擒虎,http://pvp.qq.com/web201605/herodetail/502.shtml,40,80,50,70,寸劲,0,0,被动：在人形态下每次普攻将发出气功波，攻击目标时造成额外16点法术伤害（伤害随英雄等级提升），额外造成的法术伤害可以在3秒内进行叠加，至多提升到基础值的3倍。普攻每次命中恢复5点能量,冲拳式,8/7,50,朝指定方向发出气功，对一条路径上的敌人造成250/300/350/400/450/500（+115%额外物理加成）点法术伤害和目标当前生命值8%的额外法术伤害并减少目标50%移动速度，持续1.5秒。该技能命中敌方英雄时恢复20点能量,气守式,8/7,50,施展念气环绕自身，施法瞬间对附近敌人造成100/150/200/250/300/350（+70%额外物理加成）点法术伤害，并形成护盾包裹自身持续5秒，可吸收400（+150%额外物理加成）伤害。护盾存在期间每0.5秒对附近敌人造成20/30/40/50/60/70（+14%额外物理加成）点法术伤害并提升裴擒虎30%攻击速度。,虎啸风生,7/6/5/4,0,裴擒虎切换到虎形态，1秒内增加30%移动速度并强化下两次攻击，第一击扑向指定目标，造成20/110/200/290（+100%物理加成）点物理伤害和1秒90%减速。第二击对面前的敌人造成80（+100%物理加成）点法术伤害,夏侯惇,嬴政,孙悟空,鲁班七号,貂蝉,孙膑,3178,45,200,50,158,近程,0,200%,0,86,12.5%,0,50,7.6%,0,0,370,0,0,双形态,刺客,,0,http://news.17173.com/z/pvp/yxtj/pqh/index.shtml,0,追击刀锋,极速战靴,宗师之力,末世,破甲弓,不详征兆
15,杨玉环,http://pvp.qq.com/web201605/herodetail/176.shtml,30,30,90,50,惊鸿调,1,0,被动：杨玉环切换曲调，在释放技能时产生不同的效果；破阵：释放技能对800范围内敌方英雄造成75（+15%法术加成）点法术伤害；对小兵额外造成75%伤害；清平：释放技能对800范围内友军造成50（+10%法术加成）点生命回复,霓裳曲,5,50,杨玉环拨动琴弦，产生3道音波，音波在向外飞出后会缓慢追击敌方单位（英雄优先）造成200/230/260/290/320/350（+30%法术加成）点法术伤害并减少目标50%移动速度，持续1秒；释放技能后，杨玉环的下一次普通攻击将会造成额外200/230/260/290/320/350（+30%法术加成）点法术伤害，并减少所有技能CD1秒；,胡旋乐,15/14/13/12/11/10,70,杨玉环拨动琴弦短时间提升自身50%移速(受时间衰减)，1.5秒后对位于杨玉环600~800范围内的敌人造成250/300/350/400/450/500（+40%法术加成）点法术伤害与晕眩效果持续0.75秒,长恨歌,65,100,杨玉环解放力量，跃向空中（期间无法被选中）演奏乐曲；演奏完成后治疗身边500范围内的友军750/1100/1450（+80%法术加成）点生命，并对范围内敌人造成500/750/1000（+75%法术加成）点法术伤害；,鲁班七号,程咬金,阿轲,女娲,花木兰,哪吒,2966,42,470,17,162,远程,0,200%,0,80,11.7%,0,50,7.6%,0,0,370,0,0,团队增益,辅助,,0,http://news.17173.com/z/pvp/yxtj/yyh/index.shtml,0,冷静之靴,救赎之翼,极寒风暴,痛苦面具,冰霜法杖,冰痕之握
16,公孙离,http://pvp.qq.com/web201605/herodetail/199.shtml,20,80,30,70,晚云落,0,0,被动：阿离的普攻伤害会为目标叠加枫之印记，每四层印记触发一次爆炸（并叠加新的印记），对周围敌人造成225（+70%物理加成）点法术伤害并减少所有技能1秒CD；释放技能或收回纸伞后阿离的普通攻击将会额外投掷一枚飞镖并造成30%物理加成点物理伤害；阿离能够再释放技能后再次使用技能回归到纸伞的位置；当阿离手中没有纸伞时，自身移动速度提升50点与基础攻击间隔缩短20%,岑中归月,10/9,50,阿离向指定方向瞬步，并将纸伞留在原地（如果纸伞在阿离手中）,霜叶舞,12,60,阿离旋转起操控纸伞飞旋（如果纸伞在阿离手中），击落飞行物对范围内敌人造成两段打击每段造成120/144/168/192/216/240（+40%物理加成）点法术伤害；,孤鹜断霞,30/25/20,90,阿离击退前方的敌人，造成250/375/500（+80%物理加成）点法术伤害，并将纸伞向指定方向掷出（如果纸伞在阿离手中）,白起,张飞,铠,安琪拉,东皇太一,妲己,3050,38,440,15,161,远程,0,200%,0,95,13.6%,0,50,7.6%,0,0,350,0,0,位移,射手,,0,http://news.17173.com/z/pvp/yxtj/gsl/index.shtml,0,末世,极速战靴,纯净苍穹,无尽战刃,破甲弓,逐日之弓
17,明世隐,http://pvp.qq.com/web201605/herodetail/501.shtml,60,30,50,70,大吉大利,0,0,被动：明世隐对同一目标的第三次普攻会对其造成0.75秒晕眩，对同一目标叠满印记后3秒内无法再对其叠加印记,临卦·无忧,3,50,以法器连接一名队友/敌人，增加/减少30~120物攻和45~180法攻（受法术加成及师卦·飞翼等级影响）及15%移速，强化自身2/3该数值的物攻和法强（不随断链移除）并提升15%移速；若目标是敌人，还会每0.5秒造成100/120/140/160/180/200（+20%法术加成）点法术伤害，并对魂链触碰的敌人也造成额外50%伤害；若目标是队友，会提升其15%/18%/21%/24%/27%/30%攻速，对目标的属性影响可由师卦·飞翼切换为增加/减少连接的队友/敌人36%-54%物理及法术防御（师卦·飞翼等级影响）；被魂链连接的目标将暴露视野；同时只能连接一个目标,师卦·飞翼,3,50,明世隐切换法器状态，法器状态切换后，临卦·无忧对目标的连接效果也会相应切换；攻击改变状态：使连接的队友/敌人增加/减少其30/48/66/84/102/120(+8%法术加成)物理及45/72/99/126/153/180（+12%法术加成）法术攻击，并强化自身2/3该数值的物理及法术攻击；防御改变状态：增加/减少连接的队友/敌人36%/39%/43%/46%/50%/54%物理及法术防御，并强化自身2/3该数值的物理及法术防御,泰卦·长生,40/35/30,120,明世隐在0.75秒吟唱后，法器会带走他的部分生命，化作能量射向当前连接的目标；如果目标是敌人会造成1000/1500/2000(+150%法术加成)点真实伤害，如果是队友会回复等量生命；法球命中目标瞬间，明世隐会损失等量生命值，损失值不会超过当前生命值，且损失生命值会在之后10秒内逐渐恢复；被动：明世隐脱战后每秒回复百分比已损生命值5%,狄仁杰,老夫子,典韦,程咬金,百里守约,李白,3255,46,440,16,162,近程,0,200%,0,99,14.1%,0,50,7.6%,0,0,370,0,0,团队增益,辅助,,0,http://news.17173.com/z/pvp/yxtj/msy/index.shtml,0,救赎之翼,疾步之靴,时之预言,冰霜法杖,不死鸟之眼,贤者的庇护
18,女娲,http://pvp.qq.com/web201605/herodetail/179.shtml,30,10,90,70,辉煌指引,0,0,被动：女娲每升一级提升3%自身视野（最高42%），同时提升2%普攻与技能释放范围（最高28%）；女娲的技能伤害会标记英雄，使得友军（包括自己）对标记目标造成的普攻和技能伤害，能够在2秒内增加友军16%移动速度和生命回复（总计可回复40（+12%法术加成）），这个效果对于每个攻击者每0.5秒只能触发一次；,指令：放射,7,60,女娲向指定方向释放能量，对路径上的敌人造成250/290/330/370（+36%法术加成）点法术伤害和击退效果，在撞到敌人之后逐渐停下，并展开十字型阵列，对命中的敌人造成250/290/330/370（+36%法术加成）点法术伤害；,指令：创造,0,40,女娲在指定位置创造矩阵空间，阻止敌方单位通过；创造的空间将在3秒后消失，空间消失或者女娲其他技能触碰到矩阵空间都会引发爆炸对附近的敌人造成500/580/660/740（+80%法术加成）点法术伤害；女娲每100点法术攻击将会延长矩阵空间的0.2秒持续时间，最多可储存4个矩阵空间；,指令：迁跃,50/45/40/35,100,女娲创造裂隙，在短暂的吟唱后将自己传送到指定位置，并对周围的敌人造成500/560/620/680（+65%法术加成）点法术伤害并短暂眩晕；被动：女娲受到英雄伤害会触发自动防御机制，对身边敌人造成50%减速，生成可抵挡400/480/560/640（+80%法术加成）点伤害的护盾并增加30%移动速度持续2秒,梦奇,黄忠,鲁班七号,王昭君,宫本武藏,兰陵王,3157,45,500,19,155,远程,0,200%,0,89,12.9%,0,50,7.6%,0,0,350,0,0,远程,法师,,0,http://news.17173.com/z/pvp/yxtj/nw/index.shtml,0,痛苦面具,冷静之靴,噬神之书,博学者之怒,虚无法杖,回响之杖
19,梦奇,http://pvp.qq.com/web201605/herodetail/198.shtml,80,40,40,40,食梦,0,0,被动：梦奇不断吞噬周围的噩梦，导致长胖；从最瘦到最胖总共会增长100点质量，耗时20秒；长胖会增加普通攻击和梦境萦绕、梦境漩涡攻击范围，并且最多可以增加150点物理攻击、200点物理和法术防御、92自然回血值；同时最多减少240点移动速度；梦奇使用技能会消耗质量，导致减肥；梦奇的第三次普通攻击将变更为横扫，横扫会造成更大范围的伤害,梦境萦绕,3,40/38/36/34/32/30,梦奇消耗质量，形成可抵免525/630/735/840/945/1050（+120%法术加成）点伤害的护盾，护盾生成瞬间对周围敌人造成350/420/490/560/630/700（+80%法术加成）法术伤害并减少其50%移动速度，持续1.5秒。使用技能后7秒内下三次普通攻击命中敌人，每次均可回复6点质量,梦境挥洒,5,40,梦奇将噩梦盛装在容器中抛出，容器落地破碎造成200/250/300/350/400/450（+45%法术加成）点法术伤害，噩梦会残留在地面，最多持续5秒，每0.5秒对范围内的敌人造成100/125/150/175/200/225（+22%法术加成）点法术伤害并且范围内敌人将减少30%移动速度。梦奇若触碰残留在地面的噩梦，便会将其回收；同时最多可残留2团噩梦,梦境漩涡,40/35/30,0,梦奇引导噩梦向指定位置输送，形成噩梦漩涡，对范围内的敌人每0.5秒造成150/225/300（+20%法术加成）点法术伤害并会减少50%移动速度，引导最多持续3秒；再次释放或输送结束，梦奇会传送到指定位置并拾起噩梦，对范围内敌人造成300/450/600（+40%法术加成）点法术伤害并将其击飞1秒；引导可被打断，并会执行50%冷却时间；梦奇至少拥有33点质量才能引导噩梦输送。被动：梦奇释放出的噩梦造成伤害时，目标会增加1层噩梦缠绕，每层噩梦缠绕会将其减少8%法术攻击力，持续4秒，最多可叠加5层,马可波罗,周瑜,高渐离,后羿,诸葛亮,孙尚香,3161,76,100,25,171,近程,0,200%,0,79,11.6%,0,50,7.6%,0,0,480,0,0,控制,坦克,,0,http://news.17173.com/z/pvp/yxtjmq/index.shtml,0,抵抗之靴,红莲斗篷,极寒风暴,不死鸟之眼,霸者重装,贤者的庇护
20,苏烈,http://pvp.qq.com/web201605/herodetail/194.shtml,70,40,60,50,不屈铁壁,120,0,被动：苏烈在濒临死亡时会立即回复70%最大生命值，同时会陷入虚弱状态，持续4.5秒；虚弱状态下将禁止一切操作并免疫控制效果，自身会减少50点物理和25点法术防御；虚弱状态结束时，苏烈将发出怒吼，对附近敌人造成150（+100%物理加成）法术伤害并减少其50%移动速度，持续2秒；虚弱状态结束时，苏烈还将增加50%攻击速度和30%移动速度，持续2秒；刚陷入虚弱状态时，苏烈周围会出现3盏烽火台，队友可通过触碰烽火台来点亮烽火，每点亮一盏将会为苏烈和该名队友回复10%最大生命值;3盏烽火台都被点亮时，会立即结束虚弱状态；苏烈每120秒才能触发一次虚弱状态；苏烈的意志力能增加60点物理防御和法术防御，但不屈铁壁处于冷却时会暂时失效,烽烟踏破,5,60,苏烈的下三次普通攻击变更为强化攻击，每次攻击造成100/130/160/190/220/250（+100%物理加成）点物理伤害，第三次攻击会将范围内的敌人击飞0.75秒。（攻击完成或者强化效果结束时进入冷却）,所向披靡,10/9,80,苏烈短暂蓄力后，向指定方向冲撞，对敌人造成100/130/160/190/220/250（+40%物理加成）点物理伤害并将其击退。如果将敌人击退至地形边缘，将额外造成50%伤害并将其晕眩1秒。如果苏烈冲撞敌方建筑，将对建筑造成250（+100%物理加成）点物理伤害。,豪烈万军,45/40/35,120,苏烈举起柱子开始蓄力，释放时会用力将柱子砸向地面，对范围内敌人造成300/375/450（+150%物理加成）点~1000(+150%物理加成)点物理伤害并将其击飞1秒；蓄力时间越长，攻击范围越大，伤害越高；被击飞的敌人在落地时还会以该名敌人为中心再产生一次震荡攻击，对附近的其他敌人额外造成50%物理伤害；蓄力期间可以移动，取消时会减少50%冷却时间；被动：苏烈释放技能攻击或者强化攻击时将引发地震，持续3秒，对附近的敌方目标造成38（+25%物理加成）点法术伤害,鬼谷子,庄周,阿轲,孙悟空,达摩,孙尚香,3369,84,470,17,181,近程,0,200%,0,86,12.5%,0,50,7.6%,0,0,380,0,0,控制,坦克,,0,http://news.17173.com/z/pvp/yxtj/sl/index.shtml,0,红莲斗篷,影刃之足,魔女斗篷,极寒风暴,霸者重装,贤者的庇护
21,百里玄策,http://pvp.qq.com/web201605/herodetail/195.shtml,40,80,40,100,狂热序章,0,0,被动：钩链近端造成100%物理加成点物理伤害，远端额外造成35%伤害。当钩镰远端命中敌人时降低移速，并且自身会获得短暂移速提升，该效果受神乎钩镰等级影响,神乎钩镰,5/4,50,玄策进行快速位移戏弄对手增加自身25/30/35/40/45/50点物理攻击力，钩镰链中时，玄策进行快速位移会将链中的目标向自己移动方向拉动一小段距离。当钩镰远端命中敌人时，敌人将会减少10%/14%/18%/22%/26%/30%移动速度，自身增加10%/14%/18%/22%/26%/30%移动速度；,梦魇钩锁,10/9,70,玄策舞动钩镰，蓄力后将钩镰向指定方向甩出，钩镰会对路径上的敌人造成300/340/380/420/460/500(+140%额外物理加成)点物理伤害并将捆绑在回收过程中命中的第一个目标，同时对捆绑目标施加狩猎效果；如果捆绑住目标后再次释放该技能，玄策会将目标甩向身后并失去狩猎效果;蓄力越久，钩镰飞行距离越远，蓄力最多持续4秒；蓄力时，自身将增加30%移动速度；取消蓄力会减少梦魇钩锁50%的冷却时间；玄策和狩猎目标作战时将增加10%/12%/14%/16%/18%/20%伤害并减少20%/22%/24%/26%/28%/30%该目标对自己的伤害；狩猎目标死亡，将立刻返还梦魇钩锁80%的冷却时间,瞬镰闪,3/2,80,玄策沿钩镰锁链瞬镰闪到对方身后，对路径的的敌人造成250/325/400（+120%额外物理加成）点物理伤害；移动过程中，玄策挥舞短镰，将会减少50%所受到的伤害；瞬镰闪只有在钩镰捆绑住目标时才能释放；被动:玄策助攻或击杀死英雄都会激发心中的狂血使得移速增加70%（随时间效果衰减），攻速增加75%，持续5秒,庄周,高渐离,鲁班七号,安琪拉,东皇太一,诸葛亮,3359,51,450,16,188,近程,0,200%,0,88,132.7%,0,50,7.6%,0,0,380,0,0,位移,刺客,,0,http://news.17173.com/z/pvp/yxtj/blxc/index.shtml,0,巨人之握,抵抗之靴,暗影战斧,冰痕之握,破军,贤者的庇护
22,百里守约,http://pvp.qq.com/web201605/herodetail/196.shtml,20,70,40,70,瞄准,0,0,被动：百里守约的普通攻击会造成180%物理加成点物理伤害，但攻击间隔更长且无法暴击；百里守约每获得1%暴击几率就会将其转化为3点物理攻击力；非战斗状态下，百里守约能够隐匿在地形边缘，进入伪装状态，并增加16%~30%移动速度，移动速度随英雄等级成长,静谧之眼,1,30,百里守约在脚下布置一个视野装置，获得600~1000范围的全部视野，随技能等级成长；视野装置每50/48/46/44/42/40秒可准备1个，最多储备3个；同时最多放置3个视野装置，每个视野装置可持续300秒；视野装置被敌方英雄占领后失效；被动：原地不动时百里守约每秒获得1层伏击效果，每层伏击效果会增加7/8/9/10/11/12%物理穿透，最多叠加5层；移动后伏击效果消失,狂风之息,1,60,百里守约开始瞄准，并尝试进行一次狙击，对命中目标造成1050/1200/1350/1500/1650/1800（+250%额外物理加成）点物理伤害并减少其90%移动速度，持续0.5秒；瞄准需要花费2秒的时间，但在瞄准未完成时子弹有可能产生偏移；技能子弹每16秒获得一颗，最多储存3颗（受冷却缩减影响）；,逃脱,25/20/15,100,百里守约向后跳跃并向指定方向射击，造成500/700/900（+168%物理加成）点物理伤害并减少其50%移动速度，持续2秒；落地后自身将增加30%移动速度，持续2秒，但普通攻击或技能攻击会立即停止增加移动速度,廉颇,牛魔,典韦,亚瑟,宫本武藏,妲己,3019,39,440,16,198,远程,0,200%,0,94,13.5%,0,50,7.6%,0,0,340,0,0,远程,射手,,0,http://news.17173.com/z/pvp/yxtj/blsy/index.shtml,0,暗影战斧,影刃之足,泣血之刃,破甲弓,破军,贤者的庇护
23,铠,http://pvp.qq.com/web201605/herodetail/193.shtml,70,70,40,20,修罗之魂,0,0,被动：铠拥有精湛的战斗技巧，当铠的普通攻击和极刃风暴只命中了一个目标时将会额外造成50%伤害。,回旋之刃,10,60,铠向指定方向投掷刀刃，对命中的敌人造成150/180/210/240/270/300（+60%物理加成）点物理伤害并减少其30%移动速度，持续1秒；刀刃命中敌人后会在敌人间弹射，最多4次；命中的第一个目标将会额外减少20%移动速度，持续1秒；当刀刃命中敌人时，铠将回复10%最大生命值并且减少30%回旋之刃的冷却时间，同时增加20%移动速度和15%/17%/19%/21%/23%/25%攻击速度，持续3秒,极刃风暴,6,50,铠向指定方向发动两次挥砍，每次80/96/112/128/144/160（+30%物理加成）点物理伤害，并且第二次挥砍会将敌人击飞0.5秒；同时使得下一次普通攻击更变为冲砍，冲砍会冲锋至目标身旁并发动普通攻击，冲砍会额外造成150/180/210/240/270/300点成物理。被动：脱离战斗后铠每秒回复1%最大生命值及最大法力值并且会增加10/12/14/16/18/20点移动速度,不灭魔躯,60/55/50,120,铠召唤魔铠，魔铠在1秒后降临，对附近造成300/400/500点法术伤害并强化自身100/150/200攻击力、50点移动速度、60/95/130点伤害格挡；同时会对自身附近的敌人造成60点法术伤害，持续8秒；,宫本武藏,花木兰,鲁班七号,后羿,芈月,诸葛亮,3375,44,440,16,176,近程,0,200%,0,107,15.1%,0,50,7.6%,0,0,390,0,0,战士,坦克,,0,http://news.17173.com/z/pvp/yxtj/kai/index.shtml,0,暗影战斧,抵抗之靴,反伤刺甲,冰痕之握,魔女斗篷,贤者的庇护
24,鬼谷子,http://pvp.qq.com/web201605/herodetail/189.shtml,50,20,60,50,纵横兵法,0,0,被动：鬼谷子脱离敌方视野3秒后，玄微子会再次归巢到法杖中，下一次普通攻击变更为强化攻击，强化攻击会造成300（+45%法术加成）点法术伤害并将范围内的敌人减少50%移动速度，持续1.5秒；如果使用强化攻击时，鬼谷子不处于敌方视野，则纵横兵法的冷却时间将会增加至10秒,先知·神隐,10,70,鬼谷子命令玄微子包裹自身，使自己与周围环境融为一体进入伪装状态，持续4秒；伪装状态下，鬼谷子将增加40%移动速度，并且对触碰到的每个敌人造成450/540/630/720/810/900（+60%法术加成）点法术伤害，同时降低该敌人25%的物理和法术防御，持续4秒，每个敌人最多触发1次；伪装效果会在鬼谷子用其它方式伤害敌人时消失,万物有灵,10/9,80,鬼谷子召唤大量玄微子在自身周围聚集，对范围内敌人每0.5秒造成100/120/140/160/180/200（+15%法术加成）点法术伤害，持续2秒；2秒后玄微子集结完毕，对范围内敌人造成400（+60%法术加成）点法术伤害，同时将敌人拉扯到鬼谷子身旁并将其晕眩1秒；如果该伤害命中敌方英雄，鬼谷子和范围内的队友将获得可抵免500/600/700/800/900/1000（+100%法术加成）点伤害的护盾,先知·雾隐,35/30/25,120,鬼谷子命令玄微子包裹自身和1500距离内的队友，准备1秒后进入伪装状态；伪装状态下鬼谷子和队友将增加30%移动速度；同时将会探查到距离鬼谷子最近的一名敌方英雄视野，伪装状态最多持续4秒；伪装状态下，如果使用普通攻击、技能或敌方造成负面效果会立即解除伪装状态,高渐离,李白,王昭君,兰陵王,马可波罗,李元芳,3322,47,450,16,162,远程,0,200%,0,92,13.2%,0,50,7.6%,0,0,350,0,0,隐身,辅助,,0,http://news.17173.com/z/pvp/yxtj/ggz/index.shtml,0,学识宝石,冷静之靴,极寒风暴,魔女斗篷,痛苦面具,贤者的庇护
25,干将莫邪,http://pvp.qq.com/web201605/herodetail/182.shtml,40,30,80,70,比翼同心,0,0,被动：释放飞剑技能时，莫邪都会配合干将飞出自己的雌剑，雌剑和雄剑呈对称状在一点交汇，造成同等伤害。干将莫邪普通攻击使用飞剑挥砍对方造成300（+25%法术加成）点法术伤害,护主邪冢,12/11/10/9/8/7,80,干将连续两次将剑冢用力向前推刺出并自身后移，剑冢造成300/350/400/450/500/550（+50%法术加成）点法术伤害并击飞击退敌人。剑冢击伤的敌人3秒内降低150/180/210/240/270/300点法术防御。被动：每次击败英雄或助攻，剑冢都为干将增加自身15点永久法术强度，最高20层。,雌雄双剑·近,9,45,凌空成剑，释放雄剑，雄剑沿着曲型弹道飞行对敌方造成400/485/570/655/740/825（+40%法术加成）点法术伤害。,雌雄双剑·远,9,45,凌空成剑，释放雄剑，雄剑沿着曲型弹道飞行对敌方造成400/485/570/655/740/825（+40%法术加成）点法术伤害。,庄周,钟无艳,黄忠,高渐离,兰陵王,花木兰,3189,45,490,17,159,进程,0,200%,0,92,13.2%,0,50,7.6%,0,0,380,0,0,远程消耗,法师,,0,http://news.17173.com/z/pvp/yxtj/gjmy/index.shtml,0,冷静之靴,回响之杖,博学者之怒,痛苦面具,辉月,贤者之书
26,东皇太一,http://pvp.qq.com/web201605/herodetail/187.shtml,80,20,50,40,暗冕之噬,0,0,被动：东皇太一使用祭典创造出来的黑暗能量体极不稳定，敌人被黑暗能量体触碰到都会造成100（+敌方3%最大生命值）（50%法术加成）点法术伤害；每当黑暗能量体对敌方英雄造成伤害时，东皇太一将会回复100（自身最大生命3%）（+40%法术加成）点生命值，对敌人非英雄目标造成伤害时，东皇太一将会回复自身1%最大生命值,日蚀祭典,5,60,东皇太一释放力量，对周围造成300/360/420/480/540/600（+40%法术加成）点法术伤害并创造出黑暗能量体在身边环绕，同时最多存在3个；释放能量时，若对范围内敌人造成伤害，则会减少50%日蚀祭典的冷却时间；黑暗能量体的数量会影响曜龙烛兆的威力,曜龙烛兆,6,75,东皇太一每拥有1个黑暗能量体，就可召唤1条曜龙对指定方向进行范围冲击，每次冲击将造成500/600/700/800/900/1000（+60%法术加成）点法术伤害；第一次和第二次冲击范围内的敌人减少50%和90%移动速度，持续1秒；第三次冲击范围内的敌人将被眩晕1秒；释放时，自身将增加30%移动速度，持续1秒，并且每增加1个黑暗能量体将额外增加10%移动速度,堕神契约,50/45/40,100,东皇太一压制敌方英雄，同时在彼此间创造一个契约链接，持续2.5秒；当契约的双方的一方受到伤害时，另一方会受到同等的伤害；在强大的堕神契约下双方无法进行任何操作，也无法净化；堕神契约强大的能量溢出，东皇太一将直接获得三个黑暗能量体,马可波罗,阿轲,露娜,太乙真人,蔡文姬,牛魔,3201,53,470,17,163,远程,0,200%,0,99,14.1%,0,50,7.6%,0,0,340,0,0,控制,坦克,,0,http://news.17173.com/z/pvp/yxtj/hdtyi/index.shtml,0,影刃之足,不死鸟之眼,霸者重装,极寒风暴,痛苦面具,魔女斗篷
27,黄忠,http://pvp.qq.com/web201605/herodetail/192.shtml,40,90,40,40,炮手燃魂,0,0,被动：黄忠普攻命中目标将不断激怒自己，获得1.5%暴击率和8点攻击力加成的效果（重装炮塔状态下效果翻倍），持续1.5秒，最多叠加5层。,追击潜能,10,50,黄忠短时间大量提升自身70%移速，移速会在1.5秒内衰减，如果是在架起状态，可瞬间取消架起状态。被动：增加黄忠60/66/72/78/84/90点物理攻击。,警戒地雷,8/7,80,黄忠向指定地点放置警戒地雷，同时获得视野效果，敌方在地雷范围内可触发造成200/240/280/320/360/400（+60%物理加成）点物理伤害，对英雄额外造成50%减速效果与25%的破甲效果，持续2秒，同时自身获得护盾，可吸收200/240/280/320/360/400（+50%物理加成）点伤害。地雷最多存在2个。,重装炮台,16/14/12,80,黄忠进入架起状态，自身不能移动，但会增加180/270/360点物理防御和法术防御，持续15秒，再次释放后退出架起状态；架起状态下，黄忠的每次普通攻击会对中心范围内的敌人造成350/525/700（+100%物理加成）点物理伤害（对边缘敌人伤害衰减40%）；黄忠有7次攻击机会，使用完后取消架起状态,白起,项羽,韩信,诸葛亮,兰陵王,花木兰,3173,39,440,16,172,远程,0,200%,0,91,13.1%,0,50,7.6%,0,0,340,0,0,射手,消耗,收割,0,http://news.17173.com/z/pvp/yxtj/hz/index.shtml,0,影忍之足,无尽战刃,泣血之刃,纯净苍穹,破甲弓,贤者的庇护
28,诸葛亮,http://pvp.qq.com/web201605/herodetail/190.shtml,30,10,80,60,策谋之刻,0,0,被动：诸葛亮法术命中敌人时，会为自己施加谋略刻印，当刻印达到5层时，会召唤5颗法球围绕自身，短暂时间后依次飞出攻击附近的敌人造成270(+52%法术加成)点法术伤害；法球在1秒内连续命中同一目标时，从第二颗法球开始将只造成20%伤害；法球会优先攻击敌方英雄，法球不会攻击非战斗状态的野怪,东风破袭,8/7,60,诸葛亮指定方向发射三颗法球，对路径上的敌人造成500/560/620/680/740/800（+75%法术加成）点法术伤害，如果多颗法球命中同一目标时，从第二颗法球开始将只造成30%伤害；每颗法球能触发1次谋略刻印,时空穿梭,2,50,诸葛亮快速朝指定方向闪烁，并在起始位置和终点位置同时产生一次法力场，对范围内敌人造成350/420/490/560/630/700（+52%法术加成）点法术伤害；同一目标如果在5秒内多次受到法力场影响，将会减少其90%移动速度，持续3秒，该效果会持续衰减；当目标被多个法力场同时命中，将只造成50%伤害；每次法力场影响到敌人，都会触发1次谋略刻印；每10秒可准备1次时空穿梭，最多可储备3次时空穿梭；,元气弹,35/30/25,120,诸葛亮短暂蓄力后锁定目标发出一击强力元气弹，造成450/600/750（+50%法术加成）点法术伤害；目标每损失1%最大生命值元气弹就会增加2%伤害；蓄力时诸葛亮可以移动，并且可以使用时空穿梭；元气弹飞行过程中碰撞到敌方非英雄目标，将会触发同等伤害并将其击飞0.5秒；元气弹可触发1次谋略刻印；如果元气弹直接击败敌方英雄，立即发动策谋之刻，并减少80%元气弹的冷却时间。释放目标如果为敌方英雄，且元气弹没有触碰到任何敌方英雄，返回该技能80%冷却时间,夏侯惇,赵云,扁鹊,鲁班七号,兰陵王,花木兰,3135,44,490,18,156,远程,0,200%,0,87,12.6%,10,50,7.6%,0,0,360,0,0,突进,法师,高爆发,0,http://news.17173.com/z/pvp/yxtj/zgl/index.shtml,0,噬神之书,影刃之足,痛苦面具,极寒风暴,魔女斗篷,回响之杖
29,哪吒,http://pvp.qq.com/web201605/herodetail/180.shtml,80,30,60,50,炙炼火种,0,0,被动：当哪吒用三尖枪和乾坤圈，混天绫进行攻击时会在敌人身上残留炙炼火种，对敌人每秒造成35（+26%物理加成）点真实伤害，持续3秒，并且炙炼火种会减少其25%的生命回复效果,火焰三尖枪,5,55,哪吒挥动三尖枪攻击四周的敌人，造成300/360/420/480/540/600(+85%物理加成)点物理伤害。每击中一个敌方英雄都会触发1次风火轮，当哪吒触发风火轮时会增加6%移动速度，持续5秒，最多可叠加5层,混天绫·束,12/11,65,哪吒用混天绫短暂束缚敌人，然后迅速俯冲向该名敌人并翻越至另一侧，该技能4秒可以再次释放；每击中一名敌人都会触发一次风火轮；释放技能会触发火莲之印；当哪吒触发火莲之印后会减少15/16/17/18/19/20%所受伤害。所受伤害，持续3秒,乾坤·天降,80/75/70,140,哪吒升上天空对敌方所有英雄施加乾坤圈，释放后将获得其视野并打断其回城.随后可选择一名敌方英雄并飞冲到其身前，造成500/625/750（+100%物理加成）点物理伤害并将其击退，落地时激发火莲之华，对火莲范围内的敌人每秒施加1次炙炼火种，并增加自身30%韧性；落地时还会触发火莲之印；飞行过程中再次释放技能会立即降落并激发火莲之华,刘邦,太乙真人,后羿,程咬金,张良,貂蝉,3483,53,450,16,159,近程,0,200%,0,99,14.1%,0,50,7.6%,0,0,380,0,0,战士,突进,,0,http://news.17173.com/z/pvp/yxtj/ezha/index.shtml,0,红莲斗篷,抵抗之靴,暗影战斧,魔女斗篷,冰痕之握,贤者的庇护
30,太乙真人,http://pvp.qq.com/web201605/herodetail/186.shtml,50,10,60,70,黄金闪闪,0,0,被动：太乙真人附近800范围内的敌方非英雄单位死亡时，太乙真人和附近的队友都会额外获得20％金币,意外事故,5,65,太乙真人使用炉子炼制药剂，最多持续5秒，炼制结束时或发生爆炸，对周围敌人造成200/260/320/380/440/500（+60%法术加成）~600/780/960/1140/1320/1500（+180%法术加成点法术伤害）点法术伤害并将其晕眩0.5~1秒（随技能等级成长最高眩晕1.5秒）；太乙真人可随时结束炼制并触发爆炸，但炼制时间越长，伤害越高并且晕眩时间越长；炼制时，自身会逐渐增加移动速度，最多增加至30％；同时，太乙真人还会获得60/96/132/168/204/240点物理及法术防御加成；炼制达到最长时间后，若爆炸命中敌方英雄将减少意外事故的全部冷却时间,第三只手,10/9,65,太乙真人的炉子向指定方向伸出一只触手，会将自身拉向命中的第一个目标；如果是敌方目标，还会造成450/500/550/600/650/700（+80％法术加成）点法术伤害并将其眩晕1秒,大变活人,70/65/60,150,太乙真人召唤替身傀儡，替身傀儡会保护太乙真人和附近血量最低的一名队友，持续3秒；若在傀儡保护下死亡，2秒后将在原地复活，同时将获得2000/2750/3500（+200％法术加成）点生命；复活时，还会对周围的敌人造成600/750/900（+80％法术加成）点法术伤害并减少其50％移动速度，持续2秒；该技能可以在被控制时释放,马可波罗,刘备,黄忠,兰陵王,孙尚香,露娜,2862,44,430,15,162,近程,0,200%,0,106,15%,0,50,7.6%,0,0,410,0,0,辅助,魔法,,0,http://news.17173.com/z/pvp/yxtj/tyzr/index.shtml,0,近卫荣耀,冷静之靴,圣杯,极寒风暴,梦魇之牙,贤者之书
31,蔡文姬,http://pvp.qq.com/web201605/herodetail/184.shtml,50,10,80,30,长歌行,0,0,被动：当蔡文姬受到伤害时，自身会立刻增加70%持续衰减的移动速度，持续2秒，同时自身会每秒回复250（+50%法术加成）点生命值，持续2秒；长歌行每10秒只能触发一次,思无邪,15/14,100,蔡文姬演奏乐曲，自身会增加20%移动速度，持续3秒，同时将为自身和周围的友方英雄每0.5秒恢复60/66/72/78/84/90（+20%法术加成）点生命值，持续3秒,胡笳乐,9,70,蔡文姬向指定方向弹奏一束音波，命中后会在敌人间弹射，每次弹射造成250/290/330/370/410/450（+36%法术加成）点法术伤害并将其眩晕0.75秒；每束音波最多弹射6次，同一目标最多受到2次弹射效果，第二次弹射命中时将只造成50%的初始伤害,忘忧曲,60,120,蔡文姬释放琴音围绕四周，每0.5秒为范围内血量最低的友方英雄回复100/150/200（+60%法术加成）点生命值，持续5秒，同时为其增加300/375/450（+25%法术加成）点物理和法术防御,高渐离,狄仁杰,貂蝉,阿轲,兰陵王,花木兰,3238,38,470,17,159,远程,0%,200%,0,96,13.7%,0,50,7.6%,0,0,360,0,0,辅助,远程,,0,http://news.17173.com/z/pvp/yxtj/cwj/index.shtml,0,冰痕之握,疾步之靴,不死鸟之眼,极寒风暴,不详征兆,魔女斗篷
32,雅典娜,http://pvp.qq.com/web201605/herodetail/183.shtml,70,60,40,60,真神觉醒,0,0,被动：雅典娜死亡后，将在当前位置觉醒真身并且可以真身形态继续移动；双方均可观察到真身的存在；复活时，雅典娜将在真身位置出现；向着雅典娜移动的友军英雄将会增加20％移动速度；作为造物主的古神，雅典娜对野怪和小兵会额外造成25％的伤害,神圣进军,6,60,雅典娜举盾向指定方向突进，对路径上的敌人造成290/350/410/470/530/590（+63％物理加成）点法术伤害并将其击退，同时获得一个可抵免375/465/555/645/735/825（+82％物理加成）点伤害的护盾，持续1秒；护盾存在时，雅典娜免疫所有控制效果,贯穿之枪,6/5,60,雅典娜向指定方向跳跃，同时将下一次普通攻击变更为一个枪刺，枪刺可造成370/430/490/550/610/670（+100％物理加成）点物理伤害；连续三次对敌方英雄枪刺将贯穿该名英雄，造成目标已损生命25％的物理伤害，枪刺间隔不超过5秒才能触发贯穿；神圣进军和敬畏圣盾命中敌人时贯穿之枪会减少4秒的冷却时间,敬畏圣盾,15,90,雅典娜立于原地并举起圣盾，自身获得一个巨大的可抵免1100/1650/2200(+150％物理加成）点伤害护盾，持续1.5秒；1.5秒后圣盾碎裂对范围内敌人造成450/650/850（+150％物理加成）点法术伤害并减少50％移动速度，持续1秒；护盾存在时，雅典娜免疫所有控制效果,达摩,橘右京,达摩,兰陵王,孙膑,关羽,2862,44,430,15,162,近程,0%,200%,0,106,15.0%,0,50,7.6%,0,0,410,0,0,近战,战士,,0,http://news.17173.com/z/pvp/yxtj/ydn/index.shtml,0,暗影战斧,影忍之足,宗师之力,暴烈之甲,不死鸟之眼,冰霜长矛
33,杨戬,http://pvp.qq.com/web201605/herodetail/178.shtml,60,60,50,50,神智侵蚀,0,0,被动：杨戬附近的每个敌方英雄都会使杨戬减少10%所受控制效果的持续时间，最多减少30%,逆转乾坤,8/7,60,杨戬召唤哮天犬并让其向指定方向发起冲锋，对第一个命中的敌人造成150/180/210/240/270/300（+70%物理加成）点物理伤害，如果命中敌人，5秒内可再次施放该技能，释放后杨戬将冲向该敌人并发起一次攻击，造成225/270/315/360/405/450（+105%物理加成）点物理伤害并附加目标已损生命值16%的物理伤害；如果杨戬直接击败目标，将立即刷新逆转乾坤冷却时间,虚妄破灭,10,70,杨戬向指定方向横扫，对范围内敌人造成250/300/350/400/450/500（+100%物理加成）点物理伤害并减少50%移动速度，持续2秒；如果命中的目标生命值百分比高于杨戬，将会晕眩1秒；命中敌人后，杨戬的普通攻击将附带80/120/160/200/240/280（+35%物理加成）点真实伤害，持续5秒,根源之目,30/25/20,100,杨戬可利用天眼施放3次激光，每次间隔不超过5秒，对路径上的敌人造成250/315/380（+85%物理加成）点物理伤害。第3次将会发出3道激光，同时被多道激光命中，从第二道激光开始只会造成30%的伤害；激光命中敌人时，造成的伤害值的50%会转化为杨戬的生命值,高渐离,李白,鲁班七号,关羽,孙尚香,貂蝉,3339,51,420,15,1665,近程,0,200%,0,98,14%,0,50,7.6%,0,0,380,0,0,战士,突进,收割,0,http://news.17173.com/z/pvp/yxtj/yangjian/index.shtml,0,抵抗之靴,红莲斗篷,暗影战斧,不死鸟之眼,魔女斗篷,贤者的庇护
34,成吉思汗,http://pvp.qq.com/web201605/herodetail/177.shtml,30,80,30,50,追猎,4,0,被动：当成吉思汗穿越草丛时会增加40%移动速度，持续2秒，同时下一次普通攻击将变更为两连射，每支箭矢造成0（+65%物理加成）点物理伤害；两连射有4秒冷却时间,鹰眼,16/14/12/10/8/6,80,成吉思汗释放猎鹰侦查，照亮周围区域并获取其中敌人的视野，持续5秒；猎鹰还会朝指定方向飞行，获取沿途区域视野；每16秒可准备1只猎鹰，同时最多可拥有2只猎鹰；被动：箭矢对同一个目标的第三次攻击会额外造成200/240/280/320/360/400（+45%物理加成）点物理伤害,百兽陷阱,10/9/8/7/6/5,60,成吉思汗向指定位置投掷陷阱，持续120秒，陷阱被敌人触碰后范围内敌人将减少30%移动速度并将暴露视野；短暂延迟后对区域内造成360/432/504/576/648/720（+120%物理加成）点物理伤害；每12秒可准备一枚陷阱，同时最多储备2个陷阱；未被触发的陷阱落地2秒后隐形,可汗狂猎,5/4,30,成吉思汗骑行中对敌人射出箭矢造成160/240/320（+100%物理加成）点物理伤害，箭矢可触发普通攻击的法球效果并可以暴击。每5秒可准备1只箭矢，同时最多可储备5只箭矢。,牛魔,张飞,兰陵王,阿轲,兰陵王,花木兰,3027,37,440,15,184,远程,0,200%,0,94,13.5%,0,50,7.6%,0,0,370,0,0,先手,射手,收割,0,http://news.17173.com/z/pvp/yxtj/cjsh/index.shtml,0,宗师之力,影忍之足,泣血之刃,无尽战刃,破甲弓,贤者的庇护
35,钟馗,http://pvp.qq.com/web201605/herodetail/175.shtml,50,40,70,50,制裁仪式,0,0,被动：钟馗受到单次伤害超过10%当前生命值会引发爆炸，对自身附近的敌人造成60（+60%法术加成）（+102)（最大生命值3%）法术伤害，引发爆炸有2秒冷却时间；钟馗死亡后3秒引爆自身，对自身附近的敌人造成240（+240%法术加成）（+410）（最大生命值12%）法术伤害.,虚空清道者,4,60,钟馗以虚空之力锤击地面，对范围内的敌人造成250/300/350/400/450/500（+45%法术加成）点法术伤害并减少30%移动速度，持续1秒；在钟馗身边的敌人受到250%伤害并减少30%移动速度，持续2秒,湮灭之锁,14/13,60,钟馗向指定方向投出钩锁并将第一个命中敌人拉至身前，钩锁命中将造成800/900/1000/1100/1200/1300（+100%法术加成）点法术伤害，同时为该敌人添加标记，轮回吞噬的每次吞噬会将标记的敌人眩晕0.5秒；被动：钟馗每次击败英雄或助攻会获得1层虚空噬魂。每层虚空噬魂会增加180最大生命值，最多叠加20层,轮回吞噬,40/35/30,130,钟馗蓄力后向指定方向张开虚空身躯，对范围内的敌人进行多次吞噬效果，总共造成2400/3000/3600（+360%法术加成）点法术伤害；钟馗在释放同时会获得可抵免240点伤害护盾,刘备,王昭君,周瑜,黄忠,韩信,花木兰,3420,57,490,17,162,近程,0,200%,0,99,14.1%,0,50,7.6%,0,0,360,0,0,法师,钩子,团控,0,http://news.17173.com/z/pvp/yxtj/zk/index.shtml,0,近卫荣耀,影刃之足,不死鸟之眼,极寒风暴,魔女斗篷,不详征兆
36,虞姬,http://pvp.qq.com/web201605/herodetail/174.shtml,40,80,50,40,树神佑护,0,0,被动：虞姬有25%的几率射出两箭总计造成100（+120%物理加成）点物理伤害，同时将减少其15%移动速度，持续2秒，该效果最高叠加3层,楚歌起,5,50,虞姬蓄力后，向指定方向发射一支携树神加持的强力弩矢，弩矢对路径上第一个敌人造成365/475/585/695/805/915（+180%物理加成）点物理伤害；弩矢每命中一个敌人衰减15%伤害，最低衰减至40%伤害,大风来,10,80,虞姬增加30%/36%42%/48%/54%/60%移动速度，持续2秒，期间将闪避所有物理攻击；虞姬在技能开启时，会解除减少自身移动速度的效果并使得下一次普攻必定出发树神护佑；被动：虞姬获得护佑，攻击速度提升20%/22%/24%/26%/28%/30%,阵前舞,20/17/14,100,虞姬冲向目标，在接触目标时将其眩晕0.5秒并触发树神束缚，然后向后跳跃，跳跃时对目标快速射出2支弩矢，每支弩矢造成180/225/270（+85%物理加成）点物理伤害，后跳结束虞姬获得30%/40%/50%攻速加成持续4秒；虞姬在跳跃过程中免疫控制效果,东皇太一,妲己,马可波罗,韩信,露娜,貂蝉,2977,36,440,16,165,远程,0,200%,0,84,12.2%,0,50,7.6%,0,0,340,0,0,突进,射手,,0,http://news.17173.com/z/pvp/yxtj/yuij/index.shtml,0,破甲弓,影刃之足,泣血之刃,极寒风暴,破军,贤者的庇护
37,李元芳,http://pvp.qq.com/web201605/herodetail/173.shtml,30,80,50,50,密探谛听,0,0,被动：元芳可爱的大耳朵可以帮助元芳周期性谛听周围的动向，获得并捕捉敌方英雄的踪迹，获得敌方视野1秒，对同一单位6秒生效一次。,谍影重重,10/9,60,元芳使用暗印标记敌方目标，最多持续4秒，4秒后爆炸对范围内敌方造成100/120/140/160/180/200(+65%物理加成）点物理伤害，元芳对该目标的普通攻击会叠加暗印标记，最多叠加4层，每层印记会额外造成100/120/140/160/180/200(+65%物理加成）点物理伤害，叠加满4层会立即引爆暗印；释放技能时元芳会增加40%攻击速度和75点攻击距离，持续4秒,刃遁,12/11,80,元芳向指定方向放出飞轮，同时施展鬼魅身法在终点现身接住飞轮，移动时元芳将无法被选中，飞轮会对敌人造成80/90/100/110/120/130（+67%物理加成）点物理伤害并减少50%移动速度，持续2秒；经过的地面留下燃痕，对路径上的敌人每0.25秒造成30/36/42/48/54/60（+25%物理加成）点物理伤害并减少50%移动速度,无间刃风,36/30/24,130,元芳平扔出飞轮到指定位置旋转卷起利刃风暴，利刃撞击目标中造成215/275/335（+75%物理加成）点物理伤害，持续5.4秒，对范围内的敌人每0.5秒造成75/93/111（+30%物理加成）点物理伤害并减少50%移动速度，内圈会受到双倍的刃伤；刃伤也可叠加暗印层数。,白起,墨子,兰陵王,阿轲,兰陵王,花木兰,3007,37,440,15,161,远程,0,200%,0,87,12.6%,0,50,7.6%,0,0,340,0,0,突进,收割,,0,http://news.17173.com/z/pvp/yxtj/lyf/index.shtml,0,贪婪之噬,急速战靴,泣血之刃,无尽战刃,破甲弓,贤者的庇护
38,张飞,http://pvp.qq.com/web201605/herodetail/171.shtml,100,40,50,60,黑暗潜能,0,0,被动：张飞变身前，每次普通攻击会增加狂意；张飞变身后，施放技能会使得周围的地面震动，附近的敌人将会减少50％移动速度，持续2秒；并且变身后的普通攻击将会造成40（+200％物理加成）点伤害,画地为牢,6,0,张飞向四周挥扫蛇矛，对范围内的敌人造成450/550/650/750/850/950（+100％物理加成）点物理伤害；命中敌方英雄时会将其击退；每命中一个敌方非英雄单位会增加1点狂意，命中敌方英雄会增加3点狂意；变身后，张飞会向指定方向疯狂的砸击地面，对范围内的敌人造成450/550/650/750/850/950（+100％物理加成）点物理伤害,守护机关,10,0,张飞向指定区域跳跃，落地时启动机关印记，机关会给范围内友军生成可抵免500/675/850/1025/1200/1375（+47％物理加成）点伤害的护盾；释放技能会增加3点狂意，每给一位友方英雄生成一个护盾可额外增加1点狂意；变身后，张飞向指定区域跳跃，践踏该区域敌军造成380/430/480/530/580/630（+94％物理加成）点物理伤害,狂兽血性,40,100,张飞狂意达顶峰，指定方向怒吼形成狂风通路并展现魔种真身，获得相当于自身最大生命值40％的护盾，持续15秒；怒吼期间免疫控制，狂风会推开通路两边敌人，同时对通路末端敌人造成500/750/1000（65％物理加成）点物理伤害并将其眩晕1.5秒；张飞在通路范围内会增加50％移动速度,黄忠,后羿,王昭君,墨子,花木兰,庄周,3450,55,100,5,153,近程,0%,200%,0,125,19.0%,0,50,7.6%,0,0,380,0,0,近战,坦克,,0,http://news.17173.com/z/pvp/yxtj/zf/index.shtml,0,抵抗之靴,红莲斗篷,不死鸟之眼,血魔之怒,暴烈之甲,暗影战斧
39,刘备,http://pvp.qq.com/web201605/herodetail/170.shtml,60,60,40,40,强化霰弹,0,0,被动：刘备的火铳是霰弹枪，目标会受到50%总攻击力+35%×额外弹丸数的总伤害；每颗弹丸命中敌方英雄，会增加1层战斗本能，战斗本能会给刘备增加6~10点物理防御和法术防御，持续6秒，最多叠加12层，增加幅度随英雄等级成长；每次射击只有中间的2颗弹丸能够暴击并触发装备效果；建筑不受额外弹丸影响,双重射击,8/7,60,刘备增加40%移动速度，持续1.5秒，并在下一次普通攻击变更为两次连射，连射时每颗弹丸会造成120（+40%物理加成）点物理伤害,身先士卒,10/9,80,刘备向指定方向冲撞，对撞击到的敌人造成180/200/220/240/260/280（+70%物理加成）点物理伤害并停止冲撞；同时撞击到的敌人会被击退；若撞击到敌方英雄将减少2秒身先士卒的冷却时间,以德服人,60/55/50,130,刘备立即解除自身的控制效果，并获得可抵免1100/1650/2200点伤害的护盾，持续6秒；刘备在护盾存在期间免疫控制，同时将对敌方英雄造成伤害的50%转化为护盾值，对小兵和野怪造成伤害的20%转化为护盾值，护盾上限为初始值的150%；释放技能还会获得50/100/150点物理攻击力加成，持续6秒,太乙真人,张良,宫本武藏,鲁班七号,孙尚香,项羽,3081,38,440,15,169,远程,0,200%,0,88,12.7%,0,50,7.6%,0,0,340,0,0,战士,爆发,免疫,0,http://news.17173.com/z/pvp/yxtj/2lb/index.shtml,0,贪婪之噬,影忍之足,纯净苍穹,泣血之刃,极寒风暴,不死鸟之眼
40,后羿,http://pvp.qq.com/web201605/herodetail/169.shtml,30,80,40,30,惩戒射击,0,0,后羿的普攻命中敌人后增加自身10%攻击速度，可叠加至多3层。当攻速加成叠加到3层时，后羿的普攻将射出3支箭矢，每支箭矢造成原伤害的40%，强化持续3秒。（期间每次命中刷新持续时间）。,多重箭矢,10,60,后羿强化自身攻击，每次攻击造成200/240/280/320/360/400（+50%物理加成）点物理伤害（若触发惩戒射击则每支箭矢造成原伤害的40%）并对面前区域内另外2名敌人造成50%伤害，该效果持续5秒。,落日余晖,8/7,60,后羿命令日炙塔对指定区域进行攻击，短暂时间后召唤一束激光打击指定位置。对命中的敌人造成400/440/480/520/560/600（+50%物理加成）点法术伤害和50%减速效果，持续2秒，被中心点命中的敌人将受到额外50%的伤害。,灼日之矢,45/40/35,130,后羿向前方射出火焰箭。击中敌方英雄时造成700/875/1050（+90%物理加成）点物理伤害并晕眩此目标(晕眩时长取决于火焰箭的飞行距离，最多造成3.5秒晕眩)。目标周围的敌人会受到爆炸伤害。,钟馗,牛魔,百里守约,张良,妲己,李白,3297,41,440,16,161,远程,0,200%,0,89,12.9%,0,50,7.6%,0,0,340,0,0,射手,高爆发,,0,http://news.17173.com/z/pvp/yxtj/hy/index.shtml,0,无尽战刃,影刃之足,末世,破甲弓,泣血之刃,贤者的庇护
41,牛魔,http://pvp.qq.com/web201605/herodetail/168.shtml,70,40,50,50,强力援护,0,0,被动：当牛魔附近500范围内有友方英雄时，牛魔和范围内血量最少的友方英雄会获得200点物理防御和法术防御,咆哮之斧,6,55,牛魔向指定方向以大斧横劈，对范围内的敌人造成250/300/350/400/450/500（+110%物理加成）点物理伤害，同时敌方英雄将减少15%的物理攻击力和法术攻击力，持续3秒；如果命中敌方英雄，牛魔下一次普通攻击或技能将额外造成200点法术伤害,横行霸道,10/9,80,牛魔朝指定方向冲锋，对路径上的敌人造成450/530/610/690/770/850（+90%物理加成）点物理伤害并击飞0.75秒；敌人落地后会减少90%移动速度，持续1秒,山崩地裂,40/35/30,150,牛魔短暂蓄力后向指定方向以巨斧猛力劈开大地，对范围内敌人造成550/700/850（+130%物理加成）点物理伤害并将其击飞1秒；同时被劈开的大地被撕裂5秒，对处于其中的敌人每0.5秒造成80/100/120（+20%物理加成）点物理伤害并减少其50%移动速度,马可波罗,高渐离,王昭君,墨子,花木兰,貂蝉,3537,55,0,0,156,近程,0%,200%,0,109,20.8%,0,50,7.6%,0,0,380,0,0,突进,坦克,,0,http://news.17173.com/z/pvp/yxtj/nm/index.shtml,0,抵抗之靴,不详征兆,魔女斗篷,极寒风暴,霸者重装,贤者的庇护
42,孙悟空,http://pvp.qq.com/web201605/herodetail/167.shtml,50,80,50,40,大圣神威,0,0,被动：孙悟空每次释放技能后下一次普通攻击变更为强力敲击，强力敲击会冲锋至目标身旁并抡起金箍棒敲打造成370（+100%物理加成）点物理伤害，该伤害可全额享受暴击收益。孙悟空天生拥有20%暴击几率，但初始只能造成150%暴击伤害,护身咒法,12/11,70,孙悟空念起护身咒，护身咒可为孙悟空抵挡一次敌方技能，护身咒最多持续1.5秒；若成功抵挡，孙悟空将获得0.2秒的无敌效果以及抵免500/600/700/800/900/1000（+150%物理加成）点伤害的护盾，持续4秒。开启技能时自身增加40%移动速度，持续1秒,斗战冲锋,8/7,50,孙悟空向指定方向冲锋，如果冲锋路径上遭遇敌人会借力腾空跳跃；释放普通攻击或技能可中断跳跃,如意金箍,40/35/30,100,孙悟空将变大的金箍棒直插入地，对范围内敌人造成150/190/230（+50%物理加成）点物理伤害并将其晕眩1秒。同时范围内敌人获得3层印记；孙悟空的普通攻击命中带有印记的敌人将消耗1层印记并额外造成270/405/540点物理伤害。,墨子,王昭君,妲己,马可波罗,芈月,项羽,3293,50,430,15,167,近程,0,150%,20%,94,13.5%,0,50,7.6%,0,0,380,0,0,突进,团控,,0,http://news.17173.com/z/pvp/yxtj/swk/index.shtml,0,无尽战刃,抵抗之靴,冰痕之握,泣血之刃,破甲弓,破军
43,亚瑟,http://pvp.qq.com/web201605/herodetail/166.shtml,80,30,50,20,圣光守护,0,0,被动：亚瑟获得圣光守护，每2秒回复2%的最大生命值,誓约之盾,10/9/8/7/6/5,0,亚瑟增加30%移动速度，持续3秒，下一次普通攻击变更为跳斩，跳斩会造成180/205/230/255/280/305（+100%物理加成）点物理伤害并将目标沉默1秒，同时跳斩命中的敌方英雄会被标记，持续5秒，亚瑟的普通攻击和技能会额外造成目标最大生命值1%的法术伤害；标记附近的友军会增加10%的移动速度,回旋打击,12/11,0,亚瑟召唤圣盾围绕自身旋转，对路径上的敌人会造成145/163/181/199/217/235（+80%物理加成）点物理伤害，圣盾最多持续5秒,圣剑裁决,42/35/28,0,亚瑟举起圣剑跃向敌方英雄，造成敌方英雄最大生命12/16/20%法术伤害并将其击飞0.5秒；同时召唤圣印覆盖落点范围，持续5秒，圣印会对范围内敌人造成每秒85/105/125点法术伤害,鲁班七号,阿轲,韩信,阿轲,项羽,孙尚香,3622,55,0,0,164,近程,0,200%,0,98,14.1%,0,50,7.6%,0,0,390,0,0,战士,肉盾,,0,http://news.17173.com/z/pvp/yxtj/ys/index.shtml,0,红莲斗篷,影刃之足,反伤刺甲,不死鸟之眼,霸者重装,不祥征兆
44,橘右京,http://pvp.qq.com/web201605/herodetail/163.shtml,50,60,50,50,秘剑胧刀,5,0,被动：橘右京将下一次普攻将进行一次强力拔刀斩，对前方敌人造成130%物理加成物理伤害并减少50%移动速度，持续2秒；拔刀斩每5秒可准备1次；对处于攻击边缘的敌人将承受50%的额外伤害.,燕返,7,0,橘右京跃向后方，同时向前方挥刀，对附近的敌人造成200/240/280/320/360/400（+145%物理加成）点物理伤害，若成功命中一名敌方单位，可激活二段使用,居合,10/9,0,"橘右京向指定方向快速拔刀，对路径上的第一个敌人造成330/375/420/465/510/555（+212%物理加成）点物理伤害，对路上的其余敌人造成的伤害将衰减50%,并将路径末端的敌人眩晕0.75秒",细雪,12/11,0,橘右京向指定方向连续拔刀四次，每次命中造成100/150/200（+70%物理加成）点物理伤害并且每次命中敌方英雄，自身将回复70/100/130（+35%物理加成）点生命值（命中非英雄单位效果减半）,赵云,杨戬,孙悟空,鲁班七号,孙尚香,王昭君,3150,48,0,0,165,近程,0,200%,0,96,13.7%,0,50,7.6%,0,0,390,0,0,战士,突进,,0,http://news.17173.com/z/pvp/yxtj/jyj/index.shtml,0,暗影战斧,影刃之足,反伤刺甲,不死鸟之眼,破甲弓,贤者的庇护
45,娜可露露,http://pvp.qq.com/web201605/herodetail/162.shtml,30,80,60,40,流刀舞术,0,0,被动：娜可露露的技能命中敌人时，下一次普通攻击变更为强化攻击，强化攻击会额外造成80（+100%额外物理加成）的物理伤害。,飞鹰攻击,10/9,70,娜可露露召唤玛玛哈哈向指定方向攻击敌人，造成350/400/450/500/550/600（+155%额外物理加成）点物理伤害，并对敌人施加鹰眼标记；娜可露露的其它伤害可以触发印记，对敌人造成最大生命值8%物理伤害；每40点额外物理攻击额外增幅1%；触发印记飞鹰攻击会减少3秒冷却时间并恢复35点法力值,风之刃,6,50,娜可露露向指定方向冲刺，对路径上的敌人造成350/420/490/560/630/700（+170%额外物理加成）点物理伤害，每命中一名敌方英雄将回复250/300/350/400/450/500（+100%额外物理加成）点生命值。该技能命中野怪时，造成的伤害提升50%，同时回复自身的生命值，回复量为命中英雄时的30%,飞鹰急袭,12,120,娜可露露召唤玛玛哈哈并肩作战，立即增加50%的移动速度，持续6秒，该效果会持续衰减；再次释放飞鹰急袭，娜可露露将朝指定区域发起进攻，对敌人造成600/850/1100（+265%额外物理加成）点物理伤害并减少50%移动速度，持续3秒；受到冲击的敌人将减少30%伤害输出，持续3秒,钟馗,白起,后羿,干将莫邪,项羽,张良,3239,38,0,0,173,近程,0%,200%,0,86,11.1%,0,50,7.6%,0,0,380,0,0,突进,刺客,,0,http://news.17173.com/z/pvp/yxtj/nkll/index.shtml,0,巨人之握,抵抗之靴,暗影战斧,冰痕之握,魔女斗篷,破军
46,张良,http://pvp.qq.com/web201605/herodetail/156.shtml,30,10,80,60,言灵·咒令,0,0,被动：张良对任一敌人造成的相邻两次普攻或技能伤害的时间间隔若小于1.5秒，这两次伤害的间隔时间被视为“连续攻击状态”，该状态每积累满1.2秒，会使该敌人额外承受140（+50%法术加成）点真实伤害，该伤害随英雄等级每级成长10点,言灵·壁垒,11/10,80,张良以言灵之术召唤4道并列的法术壁垒，敌人触碰壁垒将受到400/450/500/550/600/650（+75%法术加成）点法术伤害、0.75秒晕眩和之后0.5秒50%减速，并撞碎这块壁垒。重复触碰壁垒的敌人受到的伤害衰减50%，不再承受晕眩效果，但会承受1.25秒50%减速效果,言灵·命数,2,80,张良以言灵之术召唤侵蚀法阵，法阵每0.5秒对踏入其中的敌人之一造成120/144/168/192/216/240（+17%法术加成）点法术伤害，同时最多存在2个法阵(法阵对小兵野怪额外造成50%伤害)。法阵每12秒存储一次（受到减CD属性影响），最多存储3次，每个法阵持续5.5秒。张良在法阵中提升60点移动速度。法阵可提供视野。,言灵·操纵,40/35/30,130,张良以言灵之术抓住一名敌方英雄，持续2秒，期间每0.5秒造成120/150/180（+15%法术加成）点法术伤害，并持续支配对方。技能完整释放后，还会在目标身下生成一个法术区域，对踏进其中的敌人造成240/300/360（+30%法术加成）点法术伤害和0.75秒晕眩,后羿,白起,吕布,王昭君,干将莫邪,诸葛亮,3027,43,490,18,170,远程,0,200%,0,87,12.6%,10,50,7.6%,0,0,340,0,0,控制,法师,,0,http://news.17173.com/z/pvp/yxtj/zl/index.shtml,0,冰霜法杖,秘法之靴,噬神之书,博学者之怒,痛苦面具,贤者之书
47,花木兰,http://pvp.qq.com/web201605/herodetail/154.shtml,50,70,50,80,长城巡守者,0,0,被动：花木兰使用轻剑时，增加40点移动速度，并且普通攻击和技能伤害将会对敌方英雄叠加平衡印记，持续5秒；叠加满5层后将触发印记，造成200%物理加成点物理伤害，同时将该目标沉默并减少其50%移动速度，持续1秒；花木兰使用重剑时，普通攻击的基础攻击速度会降低，但造成的伤害会增加50%；并且释放技能过程中将处于霸体状态并减少40%所受到的伤害,空裂斩,8/7,0,花木兰冲锋后向指定方向挥砍，对命中的目标造成80/90/100/110/120/130（+43%物理加成）点物理伤害；如果该技能命中目标，可在5秒内发起第二次空裂斩,旋舞之华,12,0,花木兰向指定方向投掷轻剑，对路径上的敌人造成180/200/220/240/260/280（+90%物理加成）点物理伤害，轻剑会在终点旋转3秒，对范围内敌人每0.5秒造成72（+36%物理加成）点物理伤害并减少50%移动速度，持续1秒；拾起轻剑会减少5秒旋舞之华的冷却时间,绽放刀锋,6,0,花木兰拔出重剑横扫，对附近的敌人造成200/280/360（+110%物理加成）点物理伤害，同时增加60点攻击力，持续5秒；拔出重剑后，会使用重剑技能,庄周,刘邦,鲁班七号,墨子,牛魔,诸葛亮,2886,44,100,0,170,近程,0,200%,0,86,12.5%,0,50,7.6%,0,0,380,0,0,战士,突进,收割,0,http://news.17173.com/z/pvp/yxtj/hml/index.shtml,0,巡守利斧,影忍之足,暗影战斧,反伤刺甲,名刀·司命,破军
48,兰陵王,http://pvp.qq.com/web201605/herodetail/153.shtml,40,80,40,50,秘技·极意,0,0,被动：兰陵王朝敌方英雄移动时会增加20%移动速度,秘技·分身,5,50,兰陵王以拳刃挥砍身边敌人，造成215/260/305/350/395/440（+85%物理加成）点物理伤害，同时召唤出影分身随机攻击附近一名敌人，影分身会造成等量的伤害,秘技·影蚀,9,60,兰陵王向指定方向投射暗影匕首，造成165/186/207/228/249/270（+57%物理加成）点物理伤害并减少其90%移动速度，持续2秒；匕首命中的敌人会被标记，持续3秒，期间再次受到兰陵王攻击将晕眩1秒并使兰陵王回复140/168/196/224/252/280（+50%物理加成）点生命值；标记消失时该目标还会受到已损失生命值24%物理伤害,秘技·暗袭,30/27/24,100,向指定方向冲锋并对路径上敌人造成660/830/1000（+188%物理加成）点物理伤害,宫本武藏,诸葛亮,鲁班七号,李白,项羽,张良,3292,52,450,19,171,近程,0,200%,0,85,12.4%,0,50,7.6%,0,0,400,0,0,刺客,隐身,突进,0,http://news.17173.com/z/pvp/yxtj/llw/index.shtml,0,暗影战斧,影刃之足,冰痕之握,不祥征兆,魔女斗篷,贤者的庇护
49,韩信,http://pvp.qq.com/web201605/herodetail/150.shtml,20,70,30,80,杀意之枪,0,0,被动：韩信的第四次普通攻击会将敌人击飞0.5秒；韩信释放技能命中目标后会增加50％攻击速度,无情冲锋,9/8,55,韩信持枪向指定目标周围发起冲锋，冲锋会对范围内目标造成250/270/290/310/330/350（+85％物理加成）点物理伤害并将范围内敌人击飞0.8秒；冲锋后5秒内可发动第二次冲锋，但不会击飞敌人,背水一战,5,80,韩信向后跳跃并使下一次普通攻击变更为横扫攻击，持续3秒，横扫会对范围内敌人造成180/200/220/240/260/280(+100％物理加成）点物理伤害,国士无双,36/30/24,140,韩信朝指定方向乱舞四次长枪，对命中的敌人每次造成250/300/350(+85％物理加成）点物理伤害；最后一次攻击会将范围内的敌人击飞0.5秒；乱舞期间韩信处于霸体状态并获得30%伤害减免,赵云,墨子,露娜,李白,项羽,张良,2988,45,430,15,172,近程,0,200%,0,92,13.2%,0,50,7.6%,0,0,380,0,0,刺客,突进,推进,0,http://news.17173.com/z/pvp/yxtj/hx/index.shtml,0,巨人之握,抵抗之靴,泣血之刃,宗师之力,无尽战刃,名刀·司命
50,刘邦,http://pvp.qq.com/web201605/herodetail/149.shtml,80,40,60,50,君主野望,0,0,被动：刘邦第三次普通攻击将附带最大生命值4-8%的法术伤害，增加幅度随英雄等级成长，该效果无法对机关造成伤害,霸业之盾,10,75,刘邦开启护盾将自身笼罩，持续5秒，护盾可抵免500/650/800/950/1100/1250（+168）（最大生命值的5/6/7/8/9/10%）点伤害，结束时对周围造成400/520/640/760/880/1000（+134）（最大生命值的4/4/5/6/7/8%）点法术伤害；2秒后再次施放可立即结束护盾，若护盾被击破，则不会造成伤害,双重恐吓,10/9,70,刘邦蓄力后挥剑冲锋300-500距离，对路径上敌人造成150/180/210/240/270/300~600（+60%物理加成）点法术伤害和0.5-1秒晕眩效果，冲锋距离、攻击伤害和晕眩时长和蓄力时间成正比。蓄力达2秒后各效果强度达到上限，最多可保存蓄力状态5秒，蓄力期间若取消或被打断，该技能会执行40%冷却时间,统御战场,70/65/60,140,刘邦指定一名队友并开始原地吟唱，持续2.2秒，期间刘邦和该队友将减少40%所受到的伤害，并且1技能损人利己将以援护队友作为添加护盾目标；吟唱后刘邦将传送到该队友位置；传送后刘邦增加30%移动速度，持续1.5秒；同时会生成一个跟随自身的法术场，法术场为范围内队友提供60/105/150点物理防御和法术防御，持续6秒,貂蝉,高渐离,宫本武藏,兰陵王,牛魔,吕布,3369,58,470,17,158,近程,0,200%,0,125,17.2%,0,50,7.6%,0,0,360,0,0,突进,团控,,0,http://news.17173.com/z/pvp/yxtj/liubang/index.shtml,0,红莲斗篷,影刃之足,极寒风暴,魔女斗篷,霸者重装,贤者的庇护
51,露娜,http://pvp.qq.com/web201605/herodetail/146.shtml,50,40,70,90,月光之舞,0,0,被动：露娜对新目标的第一次普通攻击会向敌人发起冲锋；露娜的第三次普通攻击将会额外造成150（+35%法术加成）点法术伤害并标记敌人，但无法标记机关，该伤害随英雄等级每级成长10点。露娜每1点法术攻击将提升0.03%攻击速度,弦月斩,5,50,露娜向指定方向挥出一道月光冲击波，对命中的敌人造成350/430/510/590/670/750（+51%法术加成）点法术伤害并标记敌人,炙热剑芒,8,50,露娜将剑插入大地，以炙热剑芒牵引附近的敌人靠近自己造成120/135/150/165/180/195（+31%法术加成）点法术伤害并眩晕0.5秒，同时获得可抵免400/480/560/640/720/800（+80%法术加成）点伤害的护盾并减少其50%移动速度，持续2秒；同时会标记被牵引的敌人,新月突击,25/20/15,80,露娜向指定方向发起突击，对路径上敌人造成500/625/750（+60%法术加成）点法术伤害；如果露娜命中了被标记的敌人，将会刷新新月突击的冷却时间,庄周,孙膑,虞姬,鲁班七号,张良,钟馗,3021,52,450,16,163,近程,0,200%,0,102,14.5%,0,50,7.6%,0,0,380,0,0,法师,突进,爆发,0,http://news.17173.com/z/pvp/yxtj/ln/index.shtml,0,符文大剑,抵抗之靴,噬神之书,痛苦面具,不详征兆,贤者的庇护
52,程咬金,http://pvp.qq.com/web201605/herodetail/144.shtml,90,50,50,10,舍生忘死,0,0,被动：程咬金每损失1%最大生命值获得额外3～7点物理攻击力，增加幅度随英雄等级成长，并且程咬金释放普通技能会消耗当前8%的最大生命值，大招消耗16%的当前生命值；每次释放技能还会回复6%已损失生命值，回复过程持续3秒,爆裂双斧,15/14,0,程咬金向指定目标位置猛力一跃并挥动双斧斩击，对范围内敌人造成120/155/190/225/260/295（+50%物理加成）点物理伤害并造成50%的减速效果，持续2秒；被动：程咬金的普通攻击命中敌方英雄会减少1秒爆裂双斧的冷却时间。,激热回旋,5,0,程咬金转动双斧劈砍敌人，对范围内的敌人造成两段伤害，每段造成125/150/175/200/225/250（+60%物理加成）点物理伤害。,正义潜能,30,0,程咬金迸发正义热情，每秒回复8%最大生命，同时增加移动速度30%，持续5秒。,花木兰,高渐离,鲁班七号,妲己,花木兰,孙尚香,3437,57,0,0,161,近程,0,200%,0,125,17.2%,0,50,7.6%,0,0,380,0,0,坦克,回复,,0,http://news.17173.com/z/pvp/yxtj/cyj/index.shtml,0,红莲斗篷,影忍之足,不死鸟之眼,反伤刺甲,魔女斗篷,霸者重装
53,安琪拉,http://pvp.qq.com/web201605/herodetail/142.shtml,40,10,80,40,咒术火焰,0,0,被动：安琪拉的技能会灼烧敌人，每层灼烧效果会造成11（+2%法术加成）点法术伤害，灼烧效果最多叠加10层,火球术,6,50,安琪拉召唤5颗火球朝指定位置攻击，每颗火球对敌人造成350/390/430/470/510/550（+30%法术加成）点法术伤害，当多颗火球命中同一目标时，从第二颗火球开始将只造成30%伤害，当火球命中敌方英雄时会停止移动并销毁,混沌火种,10/9,60,安琪拉朝指定方向释放混沌火种，火种会在命中敌人或飞行到最远距离时裂变为火焰漩涡，火焰漩涡会继续缓慢的向前飞行并且每0.5秒对周围的敌人造成130/145/160/175/190/205（+17%法术加成）点法术伤害，持续3秒；同时范围内的敌人会减少50%移动速度，持续1.5秒；当火种直接命中敌人时还会将其晕眩1秒,炽热光辉,20,100,安琪拉引导魔力朝指定方向释放炽热光辉，持续3秒，对触碰的敌人每0.3秒造成150/190/230（+21%法术加成）点法术伤害并获得可抵免600/900/1200（+80%法术加成）点伤害的炽热护盾，护盾存在期间不会受到控制效果，施法1秒后再次释放该技能可以取消引导,钟馗,白起,鲁班七号,后羿,韩信,兰陵王,3323,47,490,17,170,远程,0,200%,0,83,12.1%,0,50,7.6%,0,0,360,0,0,远程消耗,法师,,0,http://news.17173.com/z/pvp/yxtj/aql/index.shtml,0,回响之杖,秘法之靴,痛苦面具,博学者之怒,虚无法杖,贤者的庇护
54,貂蝉,http://pvp.qq.com/web201605/herodetail/141.shtml,40,20,70,60,语·花印,0,0,被动：貂蝉的技能命中会为敌人叠加花之印记，持续8秒，叠加满4层后印记触发，回复自身100点生命，同时会对周围敌人造成160（+64％法术加成）点真实伤害并减少其90％移动速度，持续3秒,落·红雨,5,50,貂蝉向指定方向挥出花球，花球飞出一段时间后会返回貂蝉手中，挥出和返回会对路径上的敌人造成180/220/260/300/340/380(+57％法术加成）点法术伤害,缘·心结,10,50,貂蝉瞬间消失并立即出现在指定位置，同时会散发3枚花球攻击附近的敌人，每枚造成140/155/170/185/200/215(+24％法术加成）点法术伤害，如果花球命中敌人，还会减少4秒缘·心结的冷却时间,绽·风华,40/35/30,80,貂蝉绽放风华在原地结成法阵，法阵生成及消失时都将造成210/245/280（+50％法术加成）点法术伤害，当貂蝉处于法阵范围内，落·红雨和缘·心结会获得额外的冷却缩减,庄周,白起,露娜,张飞,张良,花木兰,3019,43,490,17,167,远程,0,200%,0,87,12.6%,10,50,7.6%,0,0,340,0,0,突进,法师,高爆发,0,http://news.17173.com/z/pvp/yxtj/dc/index.shtml,0,噬神之书,影刃之足,痛苦面具,冰封之心,魔女斗篷,莫学者之怒
55,关羽,http://pvp.qq.com/web201605/herodetail/140.shtml,60,60,60,80,一骑当千,0,0,被动：关羽每主动移动100距离将增加2％移动速度；持续移动达到2000距离时会进入冲锋姿态；当关羽的移动速度被减少至375点以下或受到控制效果时将退出冲锋姿态；关羽面朝敌方移动时将增加20％移动速度；冲锋姿态：关羽的普通攻击会击退敌人并附带10％最大生命值的物理伤害,单刀赴会,8/7,0,关羽旋转大刀队附近的敌人造成215/430/645/860/1075/1290（+127％物理加成）点物理伤害；冲锋姿态：关羽向前发起冲锋造成（100％物理加成）（10％最大生命值）点物理伤害，并在结束时向前劈砍，造成250/500/750/1000/1250/1500（+150％物理加成）点物理伤害,青龙偃月,14,0,关羽清啸一声，解除自身控制效果并增加30％移动速度，持续2秒；冲锋姿态：关羽清啸一声，解除自身控制效果并向前跃击敌人将其击退，造成335/470/605/740/875/1010(+112％物理加成）点物理伤害,刀锋铁骑,70/60/50,0,关羽激发潜能，将减少50％的冲锋准备距离，持续10秒；冲锋姿态：关羽将召唤铁骑向前方突击撞退敌人，并造成（+100％物理加成）（+10％最大生命值）点物理伤害,庄周,大乔,干将莫邪,黄忠,孙尚香,孙膑,3322,51,10,0,170,近程,0,200%,0,101,14.4%,0,50,7.6%,0,0,380,0,0,战士,突进,,0,http://news.17173.com/z/pvp/yxtj/gy/index.shtml,0,抵抗之靴,暴烈之甲,破甲弓,不祥征兆,魔女斗篷,贤者的庇护
56,老夫子,http://pvp.qq.com/web201605/herodetail/139.shtml,60,60,40,30,师道尊严,0,0,被动：老夫子普通攻击命中会增加1点训诫值，最多叠加5点，叠满后会获得强化自身，持续5秒；强化时老夫子会增加60点移动速度和25%攻击速度，同时普通攻击将会附带60点真实伤害，每次攻击能够减少1秒圣人训诫和举一反三的冷却时间,圣人训诫,8,0,老夫子向指定方向挥动戒尺，将范围内的敌人抽到自己身前，造成200/240/280/320/360/400（+80%物理加成）点物理伤害并减少其25%移动速度，持续1秒,举一反三,10,0,老夫子爆发气场，增加25/28/31/34/37/40%移动速度并且减少50/54/58/62/66/70%受到的伤害，持续2秒，同时会反弹英雄的普通攻击，对攻击者造成等量的物理伤害并减少其50%移动速度，持续2秒；反弹会附带普通攻击的法球效果，每个敌人最多被反弹一次；被动：每次普通攻击有25%几率发动两次普通攻击，第二次普通攻击只会造成50%伤害,圣人之威,45/40/35,0,老夫子向指定方向冲锋造成400/500/600（+120%物理加成）点物理伤害，并且会将第一个撞到的敌方英雄捆在明灯上，令其无法离开明灯的范围，持续5秒，期间将减少20%该英雄造成的伤害,大乔,李白,关羽,哪吒,项羽,孙尚香,3370,51,430,16,168,近程,0,200%,0,100,14.2%,0,50,7.6%,0,0,390,0,0,战士,突进,,0,http://news.17173.com/z/pvp/yxtj/lfz/index.shtml,0,贪婪之噬,影刃之足,宗师之力,泣血之刃,不详征兆,贤者的庇护
57,武则天,http://pvp.qq.com/web201605/herodetail/136.shtml,20,10,100,60,天命之女,0,0,被动：武则天脱离战斗后会增加50点移动速度，同时每秒会回复1％最大法力值,女帝辉光,3,60,武则天向指定方向释放能量法球，命中敌人后爆开，对范围内的敌人造成350/400/450/500/550/600（+45％法术加成）点法术伤害；由被动强化的女帝辉光将造成双倍伤害并将目标击飞0.75秒；被动：武则天释放任意两个技能后，女帝辉光会立即冷却并得到强化，持续3秒,女帝威严,8/7,90,武则天的威严不可侵犯，击退附近的敌人并对他们造成250/280/310/340/370/400（+30％法术加成）点法术伤害；如果技能命中敌人，自身会增加30/34/38/42/46/50％移动速度，持续1秒，命中的敌人会减少30/34/38/42/46/50％的移动速度，持续2秒,生杀予夺,80/70/60,150,武则天以女帝权威施行制裁，在所有敌方英雄脚下召唤法阵并引爆，对范围内敌人造成750/925/1100（+75％法术加成）点法术伤害并晕眩1秒，同时获取敌方视野，持续3秒,庄周,达摩,关羽,王昭君,韩信,兰陵王,2860,40,0,0,173,远程,0%,200%,0,95,12.2%,0,50,7.6%,0,0,340,0,0,法师,爆发,,0,http://news.17173.com/z/pvp/yxtj/wzt/index.shtml,0,圣杯,冷静之靴,回响之杖,博学者之怒,痛苦面具,贤者之书
58,项羽,http://pvp.qq.com/web201605/herodetail/135.shtml,90,40,50,30,陷阵之志,90,0,被动：项羽生命低于30%时，自身减少40%所受到的伤害，持续6秒，每90秒最多触发一次；项羽的普通攻击会对目标额外造成其6%最大生命值比例的物理伤害（对小兵/野怪造成300点物理伤害），每个目标每6秒只能触发一次,无畏冲锋,14/13/12/11/10/9,50,项羽向指定方向冲撞，冲撞时触碰到的所有敌人会被一起击退，冲撞结束时项羽还会向前方发动一次挑斩，挑斩会将敌人击飞0.5秒，冲撞和挑斩都会对敌人造成120/144/168/192/216/240（+48%物理加成）点物理伤害，技能命中敌方会减少30%无畏冲锋的冷却时间,破釜沉舟,7,40,项羽发出怒吼，对附近范围内的敌人造成130/154/178/202/226/250（+80%物理加成）点法术伤害，并且会减少30%的移动速度和25/28/31/34/37/40%的伤害输出，持续2秒； 被动：项羽的每1点物理防御会额外增加1.5-2.5点最大生命值（随技能等级成长）,霸王斩,50/45/40,100,项羽朝指定方向蓄力后斩出一道刀气，对路径上的敌人造成500/750/1000（+100%物理加成）点物理伤害，对被枪刃命中的敌人会造成额外66%伤害并将其眩晕1秒；被动：项羽会对等级低于或等于自身的目标造成额外15%的伤害,鲁班七号,花木兰,王昭君,宫本武藏,花木兰,貂蝉,3535,58,420,15,175,近程,0,200%,0,123,17%,0,50,7.6%,0,0,370,0,0,坦克,团控,先手,0,http://news.17173.com/z/pvp/yxtj/xy/index.shtml,0,不详征兆,影刃之足,魔女斗篷,极寒风暴,霸者重装,血魔之怒
59,达摩,http://pvp.qq.com/web201605/herodetail/134.shtml,70,50,20,50,真言·心经,0,0,被动：达摩每次释放技能将会获得真言护体，每层真言增加80点物理防御，最多叠加3层；如果技能命中目标，下两次普通攻击将增加100%攻击速度，并会造成额外的（+30%物理加成）的物理伤害并回复60点生命值,真言·无相,7,45,达摩往前冲刺挥出强力冲拳，对路径上的敌人造成200/240/280/320/360/400（+70%物理加成）点物理伤害并击飞目标0.5秒,真言·明王,10/9,60,达摩快速朝指定方向连续打出五拳，每一拳造成75/90/105/120/135/150（+33%物理加成）点物理伤害并减少目标20/28/36/44/52/60点物理防御，最多叠加5层，持续5秒,真言·普渡,35/30/25,100,达摩向指定方向挥出超强一拳，对附近的敌人造成150/225/300（+45%物理加成）点物理伤害并将敌人向该方向击退；被击退的敌人如果在飞行过程中触碰了地形边缘将会再次受到150/225/300（+45%物理加成）点物理伤害并晕眩1.5秒；成功将敌方击退至地形边缘可再次释放真言·普渡，再次释放时达摩会向指定方向飞踢，对路径上的敌人造成150/225/300（+45%物理加成）点物理伤害并附带目标已损生命值12%的额外伤害,赵云,李白,王昭君,韩信,项羽,貂蝉,3213,51,420,16,171,近程,0,200%,0,95,13.6%,0,50,7.6%,0,0,380,0,0,战士,突进,,0,http://news.17173.com/z/pvp/yxtj/dm/index.shtml,0,红莲斗篷,影刃之足,暗影战斧,魔女斗篷,冰痕之握,不祥征兆
60,狄仁杰,http://pvp.qq.com/web201605/herodetail/133.shtml,40,90,30,20,迅捷,0,0,被动：狄仁杰的普通攻击能够获得1层迅捷效果，每层迅捷效果会增加6％攻击速度和5％移动速度，最多叠加5层,六令追凶,8/7,60,狄仁杰向指定方向甩出六道令牌，对命中的目标造成200/220/240/260/280/300(+25％物理加成)点物理伤害和160点法术伤害，其中蓝牌只能造成50％的伤害，但蓝牌会减少目标90％移动速度，持续0.5秒，当同一目标受到多道令牌伤害，从第二道令牌开始伤害会衰减至初始伤害的70％，令牌可以触发普通攻击的法球效果；被动：狄仁杰持续使用普通攻击时，每两次普通攻击后下一次普通攻击将会随机强化为一张蓝牌或红牌,逃脱,14/13,70,狄仁杰向周围掷出八道令牌，清除自身负面效果，增加25％移动速度，持续1秒，令牌的伤害和效果与六令追凶相同,王朝密令,24/20/16,100,狄仁杰向指定方向掷出一道金色密令，对命中的第一个敌方英雄造成300/375/450(+60％法术加成）（+120％额外物理加成）点物理伤害和300/375/450(60％法术加成）（+120％额外物理加成）点法术伤害，并将其晕眩1秒，同时会减少目标50％物理防御和法术防御，命中后会获得目标视野，持续5秒；期间友军向该目标移动时会增加10％移动速度；,牛魔,孙膑,露娜,虞姬,兰陵王,花木兰,3242,40,440,15,169,远程,0,200%,0,95,13.6%,0,50,7.6%,0,0,350,0,0,射手,消耗,,0,http://news.17173.com/z/pvp/yxtj/drj/index.shtml,0,末世,影忍之足,无尽战刃,破甲弓,逐日之弓,不详征兆
61,马可波罗,http://pvp.qq.com/web201605/herodetail/132.shtml,30,60,60,50,连锁反应,0,0,被动：马可波罗的普攻与技能伤害能够破坏目标的防御并回复50点能量，连续10次受到伤害后，目标每次受到马可波罗的伤害都会额外受到45（+15%物理加成）点真实伤害(该伤害可以暴击)，持续5秒,华丽左轮,5,70,马可波罗向指定方向连续射击过程期间获得10%移速提升，每一枪造成150/165/180/195/210/225（+13%物理加成）点物理伤害都能触发普攻的法球效果，命中回复10点能量，额外攻击速度会影响技能射出的子弹数目，在攻速达到0/75%/150%时射出子弹数5/7/9,漫游之枪,5,70,马可波罗向指定方向闪烁，立即出现在目标位置；被动：马可波罗身边500范围内存在敌方英雄时，提升20%的伤害和15%/18%/21%/24%/27%/30%移动速度,狂热弹幕,50/45/40,70,马可波罗向指定方向闪烁，立即出现在指定位置并向周围发射弹幕触发普攻的法球效果，造成120/180/240（+15%物理加成）点物理伤害，额外攻击速度会影响技能射出的弹幕波数，在攻速达到0/75%/150%时射出弹幕数10/13/16；,钟无艳,牛魔,吕布,东皇太一,干将莫邪,花木兰,3041,46,200,50,175,远程,0,200%,0,91,13.1%,0,50,7.6%,0,0,360,0,0,突进,射手,,0,http://news.17173.com/z/pvp/yxtj/mkbl/index.shtml,0,贪婪之噬,极速战靴,末世,纯净苍穹,泣血之刃,破晓
62,李白,http://pvp.qq.com/web201605/herodetail/131.shtml,40,70,60,90,侠客行,0,0,被动：李白使用普通攻击攻击敌人时，会积累1道剑气，持续3秒；积累4道剑气后进入侠客行状态，增加30点物理攻击力并解除青莲剑歌的封印，持续5秒；攻击建筑不会积累剑气,将进酒,12/10,80,李白可用醉剑式向指定方向连续突进2次，对路径上的敌人造成300/350/400/450/500/550（+110%物理加成）点物理伤害并且造成晕眩0.5秒叠加一层剑气；第三次释放会回到原地；每次释放间隔不能超过5秒,神来之笔,12/11,60,李白以自身为中心化剑为青莲剑阵，对范围内敌人造成210/246/282/318/354/390（+75%物理加成）点物理伤害；对触碰到剑圈的敌人造成350（+125%物理加成）点物理伤害并且减少90%移动速度，持续1秒；同时敌人会减少100/175/250/325/400/475点物理防御，持续3秒；李白释放技能期间不可被选中,青莲剑歌,12,120,李白化身为剑气，对指定方向范围内的所有敌人飞速穿梭斩击5次，每次斩击造成200/250/300（+50%额外物理加成）点物理伤害；当同时攻击多个敌方英雄时，每增加一位敌方英雄将衰减15%的伤害，最低衰减至初始伤害的70%；青莲剑歌需要由侠客行解除限制后方可释放，使用后立即进入限制状态；李白释放技能期间不可被选中和攻击,鬼谷子,黄忠,妲己,诸葛亮,孙膑,张良,2968,43,450,16,169,近程,0,200%,0,98,12.2%,0,50,7.6%,0,0,390,0,0,刺客,消耗,突进,0,http://news.17173.com/z/pvp/yxtj/lb/index.shtml,0,贪婪之噬,泣血之刃,影忍之足,破甲弓,破军,贤者的庇护
63,宫本武藏,http://pvp.qq.com/web201605/herodetail/130.shtml,50,70,40,50,狩魔,0,0,被动：宫本武藏施放技能后，下一次普通攻击变更为蓄力攻击，蓄力攻击会额外造成120（+25%物理加成）点物理伤害并减少1秒所有技能的冷却时间,空明斩,10/9,0,宫本武藏向指定方向斩出一道剑气，对路径上的敌人造成400/480/560/640/720/800（+80%物理加成）点物理伤害并减少其50%移动速度，持续2秒；剑气会击落路径上的敌方飞行物；施放空明斩时宫本武藏处于霸体状态；,神速,8,0,宫本武藏向前冲刺，对路径上的敌人造成180/216/252/288/324/360（+40%物理加成）点物理伤害；如果穿过敌人将获得抵免500/620/740/860/980/1100点伤害的护盾并减少50%神速的冷却时间，护盾每4秒只能获得一次,二天一流,70/65/60,0,宫本武藏在指定方向范围内选择并锁定目标后跃向空中，在短暂迟延后拔出鸣雷斩落，对目标范围内的敌人造成500/60/800（+80%物理加成）点物理伤害，同时将锁定目标击飞0.75秒并减少其50%移动速度，持续2秒；在接下来的12秒内宫本武藏进入二刀流状态，所有普通攻击和技能都会附带60/90/120点法术伤害；狩魔范围提升；神速将获得额外的突进距离,太乙真人,牛魔,关羽,干将莫邪,张良,貂蝉,2902,47,0,0,157,近程,0,200%,0,106,15%,0,50,7.6%,0,0,400,0,0,战士,控制,突进,0,http://news.17173.com/z/pvp/yxtj/gbwz/index.shtml,0,巨人之握,影刃之足,破甲弓,泣血之刃,不祥征兆,贤者的庇护
64,典韦,http://pvp.qq.com/web201605/herodetail/129.shtml,60,60,30,10,激怒,0,0,被动：典韦每一次击败英雄或者助攻会增加1层激怒效果，每层激怒效果会增加典韦12点物理攻击力，最多叠加20层,红眼,9/8,55,典韦做好冲锋陷阵的准备，移除自身控制效果，并且增加60%移动速度，持续3秒，下一次普通攻击变更为挥砍，挥砍会对附近敌人造成额外300/350/400/450/500/550（+100%物理加成）点物理伤害,狂暴,8/7,65,暴怒的典韦践踏大地，对范围内敌人造成250/280/310/340/370/400（+100%物理加成）点物理伤害并减少其50%的移动速度，持续2秒，如果命中敌人将会突破自身极限，增加200%攻击速度和25/30/35/40/45/50%吸血效果，持续3秒,嗜血,30/25/20,130,典韦对锁定目标发起跳斩，造成300/375/450（+120%物理加成）点真实伤害并减少其50%的移动速度，持续3秒，同时会强化自身，对敌人造成的所有伤害附带目标最大生命3%的真实伤害，持续5秒。,庄周,孙膑,马可波罗,宫本武藏,孙膑,貂蝉,3434,52,430,16,168,近程,0,200%,0,89,12.9%,0,50,7.6%,0,0,370,0,0,战士,坦克,,0,http://news.17173.com/z/pvp/yxtj/dw/index.shtml,0,红莲斗篷,影刃之足,反伤刺甲,魔女斗篷,暴烈之甲,不祥征兆
65,曹操,http://pvp.qq.com/web201605/herodetail/128.shtml,60,60,50,40,争霸,0,0,被动：曹操每次施放技能会增加10%攻击速度，最多叠加5层，持续5秒,霸道之刃,10/9,0,曹操向指定方向发起斩击突袭，对路径上的敌人造成160/185/210/235/260/285（+84%物理加成）点物理伤害；最多可以发动3次，每次斩击间隔不能超过8秒，并且第三次斩击会将敌人击飞0.5秒,纵横天下,12/11/10/9/8/7,0,曹操剑指天下，向指定方向挥出强大剑气，对路径上的敌人造成240/300/360/420/480/540（+90%物理加成）点物理伤害并减少其50%移动速度，持续2秒；被动：普通攻击命中敌人时减少1秒纵横天下的冷却时间,浴血枭雄,30,0,曹操以鲜血意志强化大剑立即解除自身控制效果并回复20%已损生命值，持续8秒，施放时对附近敌人造成300/375/450（+100%物理加成）点物理伤害，强化的大剑会增加100/150/200物理攻击力和20%韧性；并且每次普通攻击或技能命中敌方将回复120/180/240（+40%物理加成）点生命值,庄周,孙膑,王昭君,鲁班七号,刘邦,王昭君,3531,53,0,0,174,近程,0%,200%,0,104,14.7%,0,50,7.6%,0,0,380,0,0,突进,战术,,0,http://news.17173.com/z/pvp/yxtj/cc/index.shtml,0,暗影战斧,抵抗之靴,反伤刺甲,不死鸟之眼,不详征兆,破军
66,甄姬,http://pvp.qq.com/web201605/herodetail/127.shtml,10,10,70,40,凝泪成冰,0,0,被动：甄姬的每次技能伤害都会为目标叠加冰冻印记，持续7秒，叠加满3层后目标将被冰冻1秒，造成350（+52％法术加成）点法术伤害,泪如泉涌,8,70,甄姬在指定位置召唤水柱冲出地面，对范围内敌人造成500/590/680/770/860/950（+65％法术加成）点法术伤害并击飞1秒,叹息水流,6,60,甄姬引导指定方向的水流，水流会锁定敌人并在敌人间弹射，最多弹射6次，每个敌人最多被弹射2次，每次弹射会对敌人造成300/350/400/450/500/550（+40％法术加成）点法术伤害,洛神降临,50/45/40,100,甄姬朝指定方向释放水之精魄不断向前推进并击退非英雄单位，当水之精魄命中敌方英雄或者达到最远距离时将形成水域，第一个直接被命中的英雄受到400/500/600（+65％法术加成）点法术伤害并减少90%移速持续1秒；水之精魄形成的水域持续5秒，每秒对触碰的敌人造成200/250/300（+32％法术加成）点法术伤害并减少其50％移动速度，持续2秒,张飞,黄忠,鲁班七号,貂蝉,韩信,貂蝉,3040,40,0,0,165,远程,0,200%,0,87,11.3%,0,50,7.6%,0,0,340,0,0,突进,法师,,0,http://news.17173.com/z/pvp/yxtj/zj/index.shtml,0,回响之杖,疾步之靴,博学者之怒,痛苦面具,虚无法杖,贤者之书
67,夏侯惇,http://pvp.qq.com/web201605/herodetail/126.shtml,70,40,50,40,噬目,60,0,被动：夏侯惇生命值低于50％时，每一次技能或普通攻击命中目标都会回复3％的最大生命值，持续8秒；每30秒最多触发一次,豪气斩,7,50,夏侯惇挥动大刀，向指定方向斩一道刃风，对路径上的敌人造成240/290/340/390/440/490（+100％物理加成）点物理伤害并减少其50％移动速度，持续2秒；刃风命中英雄后可再次挥动大刀向指定范围方向释放豪气斩，豪气斩会造成240/290/340/390/440/490（+100％物理加成）点物理伤害并将范围内敌人击飞1秒,龙卷闪,12/11/10/9/8/7,60,夏侯惇对周围敌人造成200/225/250/275/300/325（+70％物理加成）点法术伤害；同时获得一个可抵免等同于自身额外最大生命值15％的护盾，持续5秒；并且夏侯惇的下三次普通攻击将附加100点真实伤害，持续8秒；每次强化普攻命中敌人时减少1秒不羁之刃的冷却时间,不羁之刃,15,80,夏侯惇向指定目标方向扔出链刃，链刃飞向指定位置或击中敌人后会对范围内敌人造成300/425/550(+118％物理加成）点物理伤害并将自己拉向链刃位置，期间免受伤害并且击中的首个敌人会眩晕1秒；夏侯惇飞抵目标区域后还将追加300/425/550（+118％物理加成）点物理伤害,鲁班七号,李白,鲁班七号,钟无艳,孙尚香,貂蝉,3307,51,430,15,159,近程,0,200%,0,101,14.4%,0,50,7.6%,0,0,380,0,0,战士,控制,,0,http://news.17173.com/z/pvp/yxtj/xhd/index.shtml,0,红莲斗篷,抵抗之靴,魔女斗篷,反伤刺甲,极寒风暴,贤者的庇护
68,周瑜,http://pvp.qq.com/web201605/herodetail/124.shtml,30,40,90,70,引燃,0,0,被动：周瑜普通攻击和技能的火焰会对敌人和敌方建筑叠加引燃印记，持续4秒；叠加满4层后目标将被引燃，在4秒内每秒承受125（+17%法术加成）点法术伤害并减少其30%移动速度，持续1秒；引燃期间目标不会再被叠加印记,东风浩荡,5/4,60,周瑜向指定方向召唤狂风形成一个单向风区，风区内己方英雄移速提升10%，敌方英雄移速降低20%，持续3秒，狂风吹起瞬间，还会将附近的敌人朝风向方向击退并造成200/240/280/320/360/400（+30%法术加成）点法术伤害，火区若被风区持续覆盖1秒，会朝风向方向蔓延出新的火区，火区每0.5秒对敌人造成一次125/150/175/200/225/250（+17%法术加成）点法术伤害,流火之矢,0,50,周瑜下令发射火矢轰击指定目标区域，火矢轰击会造成250/300/350/400/450/500（+34%法术加成）点法术伤害并留下一块火区，持续6.5秒，每0.5秒对火区内敌人造成一次125/150/175/200/225/250（+17%法术加成）点法术伤害。火区的数量若超过5个将清除较早生成的火区。火矢每8.5秒可储备1次，最多储备3次。被动：周瑜处于火区之中每0.5秒回复40/42/44/46/48/50(+5%法术加成)点生命值,烽火赤壁,10/9/8,100,周瑜向指定范围方向召唤一片火焰，造成200/300/400（+40%法术加成）点法术伤害，火焰掠过火区会激起一道火风，火风会造成额外200/300/400（+40%法术加成）点法术伤害并将敌人晕眩1秒,老夫子,吕布,黄忠,项羽,兰陵王,百里守约,3093,44,490,17,160,远程,0,200%,0,87,12.6%,0,50,7.6%,0,0,360,0,0,远程消耗,法师,,0,http://news.17173.com/z/pvp/yxtj/zhouyu/index.shtml,0,痛苦面具,秘法之靴,博学者之怒,回响之杖,虚无法杖,冰霜法杖
69,吕布,http://pvp.qq.com/web201605/herodetail/123.shtml,60,60,30,40,饕餮血统,0,0,被动：吕布拥有比其他近战更远的攻击距离；方天画戟附魔状态下，普通攻击会造成100%物理加成的真实伤害并且回复自身已损生命值1%（+25%额外物理加成）点生命值；如果下一次方天画斩未命中英雄，会立刻失去附魔效果,方天画斩,5,0,吕布向指定方向挥动方天画戟，造成650/780/910/1040/1170/1300（+190%额外物理加成）点物理伤害，如果命中英雄，将会附魔自身武器，武器附魔状态下，方天画斩会造成650/780/910/1040/1170/1300（+190%额外物理加成）点真实伤害，并且每命中一位敌方英雄会回复自身已损生命4%（+50%额外物理加成）点生命值,贪狼之握,8,0,吕布夺取指定方向范围内敌人的魂灵，对其造成80（+35%额外物理加成）点物理伤害并减少其30%移动速度，持续3秒，每夺取一个魂灵都会为自身增加可抵免400/550/700/850/1000/1150点伤害的护盾，最多叠加3层。吕布的护盾会随时间转化为血量，每秒转化当前护盾的25%，每2点护盾转化为1点血量。,魔神降世,50,0,吕布在指定位置从天而降展开杀戮，落地时会标记范围并将范围内敌人击飞1秒，落地后吕布将奋力挥舞一次方天画斩会造成400/650/900（+250%额外物理加成）点物理伤害；触碰范围边缘的敌人会受到150（+87%额外物理加成）点物理伤害并减少其50%移动速度，持续2秒；当敌方英雄触碰时还会额外回复吕布自身已损生命4%（+50%额外物理加成）点生命值；吕布的奋力一击如果命中英雄将会附魔自身武器，未命中英雄不会丢失原有的附魔状态；,武则天,白起,张飞,黄忠,项羽,王昭君,3564,54,0,0,170,近程,0,200%,0,99,14.1%,0,50,7.6%,0,0,370,0,0,战士,射手,,0,http://news.17173.com/z/pvp/yxtj/lvbu/index.shtml,0,影刃之足,破军,不详征兆,霸者重装,反伤刺甲,不死鸟之眼
70,芈月,http://pvp.qq.com/web201605/herodetail/121.shtml,60,50,70,50,永生之血,0,0,被动：芈月释放技能会召唤暗影仆从并对附近的敌人进行攻击，每次攻击会造成50（+7%法术加成）点法术伤害，对小兵额外造成150（+21%法术加成）点法术伤害，并回复25（+3%法术加成）点生命值；召唤暗影仆从时芈月获得30点暗影之力，暗影之力消失时暗影仆从也会立即消失；暗影仆从最多存在6个,痛苦冲击,10/9,0,芈月向指定方向释放暗影能量，对路径上的敌人造成200/220/240/260/280/300（+24%法术加成）点法术伤害；在暗影能量飞行的过程中，芈月能够再次使用技能降临在暗影能量的位置，并对范围内敌人造成200/220/240/260/280/300（+24%法术加成）法术伤害；第二段技能命中敌人会为芈月召唤一个暗影仆从,幻翼仆从,9,0,芈月向指定方向释放暗影锁链，锁链将会和第一个命中的敌人连接，最多持续4秒；连接后每0.5秒将抽取目标的15（+2%法术加成）点生命值、10点物理攻击力与30点法术攻击力，并造成50/60/70/80/90/100（+7%法术加成）点法术伤害；如果连接持续4秒，会为芈月召唤一个暗影仆从；双方超过一定距离会挣脱连接。被动：芈月普通攻击得到强化，造成40（+100%物理加成）（+20%法术加成）点法术伤害并减少其10%移动速度，同时增加自身10点暗影之力,暗影之月,24/22/20,0,芈月遁入暗影，增加30%移动速度并免疫所有效果，持续2秒；技能开启及结束时都将对范围内的敌人造成400/500/600（+50%法术加成）点法术伤害；如果第二段伤害命中敌人，会为芈月召唤一个暗影仆从；,刘邦,钟无艳,王昭君,露娜,张良,东皇太一,3105,44,100,0,152,远程,0,200%,0,88,12.7%,0,50,7.6%,0,0,370,0,0,坦克,法师,,0,http://news.17173.com/z/pvp/yxtj/my/index.shtml,0,影刃之足,噬神之书,不详征兆,痛苦面具,不死鸟之眼,极寒风暴书
71,白起,http://pvp.qq.com/web201605/herodetail/120.shtml,80,30,40,40,反击之镰,0,0,被动：白起的普通攻击和技能将会减少目标对白起造成5％~12％的伤害，持续3秒，减少幅度随英雄等级成长,血之回响,0,40,白起回旋大镰血洗四方，对范围内的敌人造成150/200/250/300/350/400（+40％物理加成）（+3％最大生命值）点物理伤害，并回复2％已损失生命值，命中敌方英雄时会额外回复2％已损生命，最多可充能2次，每间隔8秒充能1次（受冷却缩减影响）；被动：白起受伤时有20％几率释放血之回响,死神之镰,14/13/12/11/10/9,60,白起在指定位置召唤镰刀，镰刀在一定延迟后收回，对范围内的敌人造成200/230/260/290/320/350（+100％物理加成）点法术伤害并将其拉回；同时敌人会减少50％移动速度，持续2.5秒；被动：白起对生命值低于30％的目标会额外造成30％伤害,傲慢嘲讽,40/35/30,100,白起向指定位置跳跃，造成300/380/460（+100％物理加成）点法术伤害并嘲讽敌人，持续1/1.3/1.5秒（随技能等级成长）；嘲讽时间会随着白起的额外生命值增加，每1000点额外生命值额外提供0.2秒嘲讽时长，最多持续2.5秒；期间受到生命回复效果提升100％；被动：白起受到攻击时会获得庇佑，增加10点移动速度与30/60/90点物理防御，持续3秒，最多叠加3层,王昭君,黄忠,露娜,阿轲,韩信,貂蝉,3510,53,0,0,158,近程,0%,200%,0,120,18.0%,0,50,7.6%,0,0,390,0,0,突进,坦克,,0,http://news.17173.com/z/pvp/yxtj/baiqi/index.shtml,0,疾步之靴,红莲斗篷,不死鸟之眼,血魔之怒,暴烈之甲,贤者的庇护
72,扁鹊,http://pvp.qq.com/web201605/herodetail/119.shtml,50,40,30,40,恶德医疗,0,0,被动：扁鹊的普通攻击和技能都会附带剧毒，每秒造成25（+5%法术加成）点法术伤害，并叠加1层毒药印记，当友方英雄受到善恶诊断的治疗时，每秒回复5（+2%法术加成）点生命值，并叠加1层回复印记；毒药印记和恢复印记最多可叠加至多5层，持续7秒,致命灵药,2,40,扁鹊朝指定目标范围扔出致命毒药瓶，毒药瓶触地后破碎，毒液会残留原地，持续4秒，毒液每秒会对范围内的敌人造成70/76/82/88/94/100（+12%法术加成）点法术伤害并减少其30%移动速度，持续2秒；扁鹊每15/14.4/13.8/13.2/12.6/12秒可制作1瓶毒药，最多存放3瓶,善恶诊断,5,60,扁鹊朝指定方向释放药剂，对路径上的敌人造成100/120/140/160/180/200（+30%法术加成）点法术伤害，并且对触碰的友军英雄施加恢复印记并回复50/60/70/80/90/100（+15%法术加成）点生命值,生命主宰,18/15/12,130,扁鹊引爆附近所有印记，对敌人造成200/250/300（+40%法术加成）点法术伤害，对友军英雄治疗80/100/120（+20%法术加成）点生命值.每层印记额外增加50%的额外伤害与治疗效果；除此之外，扁鹊给自己额外回复300/400/500（+20%法术加成）点生命值,蔡文姬,项羽,妲己,东皇太一,兰陵王,花木兰,3205,45,490,18,168,远程,0,200%,0,87,12.6%,10,50,7.6%,0,0,350,0,0,回复,法师,,0,http://news.17173.com/z/pvp/yxtj/bianque/index.shtml,0,痛苦面具,博学者之怒,冷静之靴,冰霜法杖,回响之杖,贤者之书
73,孙膑,http://pvp.qq.com/web201605/herodetail/118.shtml,20,10,60,50,时间沙漏,0,0,被动：孙膑释放技能会增加20%移动速度，持续1秒,时空爆弹,8/7,60,孙膑向指定方向投掷一枚炸弹，并附带着在目标身上，持续3秒后爆炸，附着目标时造成180/225/270/315/360/405（+18%法术加成）点法术伤害，爆炸对范围内敌人造成540/675/810/945/1080/1215（+54%法术加成）点法术伤害并减少其40%移动速度，持续2秒。,时之波动,12/11,60,孙膑引导时空之力，使得范围内友军增加30%/36%/42%/48%/54%/60%移动速度和20%冷却缩短，持续2秒，持续时间结束后会时光倒流，并返还期间所受到40%的伤害,时光流逝,45/40/35,100,孙膑向指定方向投掷一枚强化炸弹，附着敌人或飞行到最大距离后展开力场，展开时会对范围内敌人造成500/625/750（+45%法术加成）点法术伤害并减少其50%移动速度，同时敌人还会被沉默1秒；力场将持续5秒，处于力场中的敌人会减少25%冷却的恢复速度，5秒后会再次对范围内敌人造成1500/1875/2250（+135%法术加成）点法术伤害。,马可波罗,高渐离,诸葛亮,李白,兰陵王,花木兰,,,,,,,,,,,,,,,,,,,,辅助,控制,,,http://news.17173.com/z/pvp/yxtj/sb/index.shtml,,冰霜法杖,冷静之靴,冰痕之握,极寒风暴,不死鸟之眼,贤者的庇护
74,钟无艳,http://pvp.qq.com/web201605/herodetail/117.shtml,70,50,70,40,石之炼金,0,0,被动：钟无艳造成伤害时，会有50%几率将敌方英雄石化0.75秒，每个敌方英雄在8秒内只会受到一次石化效果,狂飙突进,5,40,钟无艳向指定方向突进，并将下一次普通攻击替换为重击，重击将造成225/270/315/360/405/450（+120%物理加成）点物理伤害，并且会减少50%移动速度，持续2秒,震慑打击,10/9/8/7/6/5,55,钟无艳蓄力后用大锤猛击地面，对范围内的敌人造成350/420/490/560/630/700（+150%物理加成）点物理伤害，对范围中心的敌人造成双倍伤害,飓风之锤,40/35/30,80,钟无艳抡起大锤持续旋转攻击附近敌人，持续3.2秒，每0.4秒造成150/200/250（+80%物理加成）点物理伤害，并且当敌人处于外圈时将额外造成40%伤害；被动：钟无艳召唤大地之力，每3秒生成一个持续存在的岩土护盾，岩土护盾可抵免150/250/350(+60%物理加成)点伤害,虞姬,马可波罗,钟馗,兰陵王,项羽,貂蝉,3528,48,430,15,164,近程,0,200%,0,100,14.2%,0,50,7.6%,0,0,380,0,0,坦克,突进,控制,0,http://news.17173.com/z/pvp/yxtj/zwy/index.shtml,0,红莲斗篷,抵抗之靴,魔女斗篷,反伤刺甲,极寒风暴,贤者的庇护
75,阿轲,http://pvp.qq.com/web201605/herodetail/116.shtml,30,100,40,60,死吻,0,0,被动：阿轲在敌人身后发起的攻击，必定暴击，在敌人正面发起的所有攻击，必定不暴击；阿轲的初始暴击伤害为125%，每1%暴击几率将额外的增加0.5%暴击伤害；阿轲对非英雄目标最多造成1500伤害,弧光,4/3,0,阿轲立即向指定方向挥动双刺发动2次攻击，每次造成150/170/190/210/230/250（+65%额外物理加成）点物理伤害,瞬华,9/8,0,阿轲朝指定方向快速位移，在抵达终点后，立即对附近的一名敌人发起攻击，提升自己40%攻速持续3秒，造成300/340/380/420/460/500（+100%额外物理加成）点物理伤害并标记目标，持续10秒；阿轲每次攻击标记目标时会将其减少50%移动速度，持续1秒，并缩短瞬华1秒冷却时间；阿轲被标记目标攻击时会减少30%所受到的伤害；阿轲同一时间只能标记一个敌人。,幻舞,20/18/16,0,阿轲短暂准备后进入隐身状态，处于隐身状态时，每0.5秒回复100/150/200（+25%额外物理加成）点生命值并增加40%移动速度，持续3秒；当阿轲发起攻击时会解除隐身状态，并在3秒内增加自身120/140/160点攻击力，同时每当对敌人造成伤害时会增加30%移动速度，持续1秒。被动：击败英雄或者助攻时刷新所有技能冷却时间。,庄周,墨子,王昭君,鲁班七号,牛魔,太乙真人,3113,47,0,0,177,近程,0,200%,0,89,12.9%,0,50,7.6%,0,0,400,0,0,刺客,突进,收割,0,http://news.17173.com/z/pvp/yxtj/jk/index.shtml,0,抵抗之靴,暗影战斧,无尽战刃,红莲斗篷,魔女斗篷,破军
76,高渐离,http://pvp.qq.com/web201605/herodetail/115.shtml,50,40,90,40,哀歌,0,0,被动：高渐离的普通攻击或释放技能可视作一次演奏，每四次演奏后的下一次普通攻击将会向目标弹奏出带有击穿效果的能量和弦，造成300（+100%法术加成）的法术伤害,狂歌,7,80,高渐离弹奏出音符，锁定附近至多2名敌人造成350/410/470/530/590/650（+47%法术加成）点法术伤害；音符命中敌人后，会向附近的敌人进行弹射，音符至多弹射2次；当多个音符命中同一目标时，从第二个音符开始将只造成30%伤害,离歌,10/9,70,高渐离震慑琴弦，对附近敌人造成500/560/620/680/740/800（+65%法术加成）点法术伤害并减少其35%/40%/45%/50%/55%/60%移动速度，持续2秒，每命中一个英雄将回复125/140/155/170/185/200(+16%法术加成）生命值,魔音贯耳,45/40/35,140,高渐离释放激情，每0.5秒进行一次演奏，对附近敌人造成200/250/300（+15%法术加成）点法术伤害，持续5秒；演奏持续时自身会减少15%所受到的伤害，并且附近每个敌方英雄还将减少高渐离5%所收到的伤害；并且在演奏开始时自身会增加70%持续衰减的移动速度，持续3秒,白起,庄周,黄忠,貂蝉,韩信,花木兰,3122,44,490,17,163,远程,0,200%,0,98,14%,10,50,7.6%,0,0,360,0,0,高爆发,法师,,0,http://news.17173.com/z/pvp/yxtj/gjl/index.shtml,0,痛苦面具,影刃之足,博学者之怒,噬神之书,梦魇之牙,辉月
77,庄周,http://pvp.qq.com/web201605/herodetail/113.shtml,80,20,40,20,自然意志,0,0,被动：庄周每隔6秒进入自然梦境，会解除自身所有控制效果，并且减少15%所受到的伤害，增加15%移动速度，持续2秒,化蝶,8,80,庄周幻化出蝴蝶解除自身控制，蝴蝶飞向指定方向，对路径上的敌人造成400/480/560/640/720/800（+72%法术加成）点法术伤害，并减少其50%移动速度，持续2秒,蝴蝶效应,6/5,40,庄周梦中蝴蝶扇起翅膀，对身边的敌人造成250/320/390/460/530/600（+30%法术加成）的法术伤害，并增加范围内友军3%移动速度，持续5秒，技能连续命中会叠加效果，伤害每层叠加125/160/195/230/265/300（+15%法术加成）的法术伤害，移动速度每层叠加3%，最多叠加4层；被动：庄周每隔6秒会自动释放一次蝴蝶效应,天人合一,60/55/50,150,庄周幻化梦域保护附近友军，使得他们免疫控制效果并且减少10%所受到的伤害，持续2秒,不知火舞,黄忠,花木兰,后羿,韩信,貂蝉,3431,55,420,15,170,近程,0,200%,0,150,20%,0,50,7.6%,0,0,390,0,0,辅助,坦克,,0,http://news.17173.com/z/pvp/yxtj/zz/index.shtml,0,近卫荣耀,抵抗之靴,极寒风暴,不死鸟之眼,霸者重装,红莲斗篷
78,鲁班七号,http://pvp.qq.com/web201605/herodetail/112.shtml,10,100,30,40,火力压制,0,0,被动：鲁班七号连续使用普通攻击时，第五次普通攻击会掏出机关枪进行扫射，扫射会造成3次伤害，对敌人英雄每次造成其最大生命6%物理伤害（每100点额外物理攻击提升1%），对小兵野怪防御塔造成120（+50%物理加成）点物理伤害；使用技能后鲁班七号下一次普通攻击变更为扫射,河豚手雷,7,50,鲁班向指定位置投掷一枚河豚手雷，对范围内的敌人造成450/500/550/600/650/700（+75%物理加成）点物理伤害并减少其25%移动速度，持续2秒;,无敌鲨嘴炮,15/14/13/12/11/10,70,鲁班向指定方向发射火箭炮击退身前敌人，命中英雄后造成400/450/500/550/600/650（+70%物理加成）点物理伤害，并附带目标已损生命5/6/7/8/9/10%法术伤害,空中支援,40/30/20,100,鲁班召唤河豚飞艇向指定方向进行空中支援，支援持续14秒，河豚飞艇可照亮视野且每秒对范围内随机一个敌人投掷炸弹，炸弹会在0.75秒落下，对于目标范围内的敌人造成500/625/750（+75%物理加成）点物理伤害,太乙真人,牛魔,黄忠,王昭君,兰陵王,李白,3401,42,440,15,174,远程,0,200%,0,8,12.7%,0,50,7.6%,0,0,350,0,0,射手,消耗,,0,http://news.17173.com/z/pvp/yxtj/lbqh/index.shtml,0,末世,急速战靴,破甲弓,泣血之刃,无尽战刃,贤者的庇护
79,孙尚香,http://pvp.qq.com/web201605/herodetail/111.shtml,30,80,50,60,活力迸发,0,0,被动：孙尚香每次普通攻击都会减少0.5秒翻滚突袭的冷却时间,翻滚突袭,5,25,孙尚香向指定方向翻滚，下一次普通攻击变更为强化射击，强化射击会对一条直线上的敌人造成300/330/360/390/420/450（+100%物理加成）点物理伤害，如果翻滚后附近有敌方英雄将会增加80%持续衰减的移动速度，持续2秒，使用强化射击后会重置下一次普通攻击并增加攻击距离。,红莲爆弹,10/9,50,"孙尚香向指定目标范围投掷爆弹，对范围内敌人造成200/240/280/320/360/400（+100%物理加成）点物理伤害并减少90%移动速度，持续1秒，被命中的敌人还会被标记5秒，孙尚香的普攻伤害会对标记目标造成额外100/120/140/160/180/200（+20%物理加成）点物理伤害；标记持续期间增加孙尚香物理穿透30%,持续5秒",究极弩炮,30/25/20,100,孙尚香蓄力向指定方向发射一枚弩炮，弩炮在触碰敌人或者飞行到最远距离后将发生爆炸，对第一名触碰的敌人造成500/750/1000（+185%物理加成）点物理伤害，对爆破范围内的敌人造成50%伤害,庄周,东皇太一,典韦,东皇太一,兰陵王,花木兰,3235,40,440,15,172,远程,0,200%,0,89,12.9%,0,50,7.6%,0,0,340,0,0,突进,射手,收割,0,http://news.17173.com/z/pvp/yxtj/ssx/index.shtml,0,无尽战刃,影刃之足,宗师之力,泣血之刃,破甲弓,贤者的庇护
80,嬴政,http://pvp.qq.com/web201605/herodetail/110.shtml,30,40,100,60,王者审判,0,0,被动：嬴政的普通攻击可以击穿目标，并造成70（+100%物理加成）（+30%法术加成）点法术伤害；攻击机关时会衰减50%的伤害,王者惩戒,8,100,嬴政在指定目标区域召唤黄金剑阵，持续2.5秒，每0.5秒对范围内的敌人造成100/120/140/160/180/200（+27%法术加成）点法术伤害；范围内敌人会减少10%移动速度，持续1秒，最多叠加5层,王者守御,12/11/10/9/8/7,40,嬴政开启王之护盾，持续时间内增加自身140/168/196/224/252/280法术攻击力和10/11/12/13/14/15%移动速度；被动：增加嬴政自身70/84/98/112/126/140法术攻击力和2/3/3/4/4/5%移动速度,至尊王权,30,150,嬴政展示王者权力，增加20%移动速度，持续5秒，期间将会号令55只飞剑持续向指定方向进行冲击，每只飞剑能造成70/90/110（+8%法术加成）点法术伤害，该技能会对小兵和野怪造成25%额外伤害,墨子,白起,黄忠,王昭君,兰陵王,花木兰,3125,44,490,17,157,远程,0,200%,0,91,13.1%,0,50,7.6%,0,0,350,0,0,法师,爆发,,0,http://news.17173.com/z/pvp/yxtj/yz/index.shtml,0,痛苦面具,影刃之足,回响之杖,巫术法杖,贤者之书,贤者的庇护
81,妲己,http://pvp.qq.com/web201605/herodetail/109.shtml,20,10,80,20,失心,0,0,被动：如果妲己技能命中敌人，将会减少目标30~72点法术防御，最多叠加3层，减少幅度随英雄等级成长,灵魂冲击,8/7,80,妲己向指定方向挥出灵魂冲击波，对命中的敌人造成520/585/650/715/780/845（+122%法术加成）点法术伤害,偶像魅力,12/11/10/9/8/7,90,妲己锁定敌人并抛出魅力爱心，对命中的敌人造成285/320/355/390/425/460（+66%法术加成）点法术伤害，并将其眩晕1.5秒,女王崇拜,18/15/12,120,妲己放出5团狐火自动攻击附近的敌人，每团狐火造成325/405/485（+75%法术加成）点法术伤害，当多团狐火命中同一个目标时，从第二团狐火开始将只造成50%伤害,孙悟空,阿轲,露娜,貂蝉,兰陵王,花木兰,3229,41,0,0,170,远程,0,200%,0,86,11.3%,0,50,7.6%,0,0,340,0,0,先手,法师,,0,http://news.17173.com/z/pvp/yxtj/dj/index.shtml,0,博学者之怒,疾步之靴,回响之杖,虚无法杖,贤者之书,贤者的庇护
82,墨子,http://pvp.qq.com/web201605/herodetail/108.shtml,50,40,50,60,兼爱非攻,0,0,被动：墨子连续使用普通攻击时，第四次普通攻击将变更为炮击，炮击会造成450（+70%法术加成）法术伤害，同时将目标击退0.75秒；当墨子施放技能时会获得抵免300（+35%法术加成）点伤害的护盾，持续3秒,和平漫步,10/9/8/7/6/5,70,墨子驾驶机关人向指定方向突进，对路径上的敌人造成250/300/350/400/450/500（+38法术加成）点法术伤害，并将下一次普通攻击变更为炮击,机关重炮,7,70,墨子驾驶机关人向指定方向发射一枚炮弹，炮弹命中敌人时会发生范围爆炸造成500/560/620/680/740/800（+65%法术加成）点法术伤害并将范围内敌人眩晕1秒，炮弹爆炸后将留下弹坑持续4秒每0.5秒造成50/56/62/68/74/80（+52%法术加成）点法术伤害,墨守成规,42/35/28,150,墨子驾驶机关人展开高能屏障，对触碰到屏障的敌人每0.5秒造成200/250/300（+45%法术加成）点法术伤害并将其晕眩在原地，屏障最多持续3.3秒,鬼谷子,宫本武藏,黄忠,刘禅,项羽,花木兰,3083,51,420,15,181,近程,0,200%,0,102,14.5%,0,50,7.6%,0,0,380,0,0,法师,坦克,团控,0,http://news.17173.com/z/pvp/yxtj/mz/index.shtml,0,时之预言,冷静之靴,红莲斗篷,不死鸟之眼,极寒风暴,霸者重装
83,赵云,http://pvp.qq.com/web201605/herodetail/107.shtml,60,60,60,50,龙鸣,0,0,被动：赵云每损失3%最大生命值，就会获得减少1%所受到的伤害,惊雷之龙,7/6,30,赵云执枪向指定方向冲锋，对路径上的敌人造成190/214/238/262/286/310（+100%物理加成）点物理伤害；冲锋后的下一次普通攻击会造成65/74/83/92/101/110（+135%物理加成）点物理伤害并将其减少25%移动速度，持续2秒,破云之龙,8/7,40,赵云向指定方向连续4次刺出龙枪，对指定方向敌人每次造成100/115/130/145/160/175（+45%物理加成）点物理伤害；每次命中敌方后回复25/28/31/34/37/40（+11%物理加成）点生命值,天翔之龙,18/15/12,75,赵云跃向空中，向目标区域发动雷霆一击，对范围内敌人造成350/450/550（+130%物理加成）点物理伤害并击飞1秒；同时标记敌人为感电目标；赵云的普通攻击和技能伤害对感电目标会造成额外30/45/60（+13%物理加成）点法术伤害,达摩,宫本武藏,后羿,小乔,刘邦,王昭君,3267,50,430,15,173,近程,0,200%,0,84,12.2%,0,50,7.6%,0,0,380,0,0,战士,突进,控制,0,http://news.17173.com/z/pvp/yxtj/zy/index.shtml,0,巨人之握,抵抗之靴,冰痕之握,魔女斗篷,暗影战斧,贤者的庇护
84,小乔,http://pvp.qq.com/web201605/herodetail/106.shtml,20,10,80,30,治愈微笑,0,0,被动：小乔释放技能命中敌人时，会增加25％移动速度，持续2秒,绽放之舞,5,60,小乔向指定方向扔出一把回旋飞行的扇子，会对第一个命中的敌人造成450/540/630/720/810/900（+80％法术加成）点法术伤害，每次命中后伤害都会衰减20％，最低衰减至初始伤害的40％,甜蜜恋风,14,80,小乔在指定区域召唤出一道旋风，对区域内敌人造成300/340/380/420/460/500（+50％法术加成）点法术伤害并击飞1.5秒,星华缭乱,42/35/28,140,小乔召唤流星并不断向附近的敌人坠落，召唤持续5秒，每颗流星会造成400/500/600（+100％法术加成）点法术伤害，每个敌人最多承受4次攻击，当多颗流星命中同一目标时，从第二颗流星开始将只造成50％伤害,韩信,阿轲,东皇太一,高渐离,韩信,兰陵王,3088,44,490,18,153,远程,0,200%,0,95,13.6%,0,50,7.6%,0,0,340,0,0,消耗,法师,,0,http://news.17173.com/z/pvp/yxtj/xq/index.shtml,0,秘法之靴,回响之杖,博学者之怒,痛苦面具,虚无法杖,贤者之书
85,廉颇,http://pvp.qq.com/web201605/herodetail/105.shtml,100,30,40,30,友情守护,0,0,被动：廉颇释放技能的过程中处于霸体状态，并且减少20%所受到的伤害,豪情突进,9/8,50,廉颇向指定方向发起冲锋，对敌人造成200/230/260/290/320/350（+80%物理加成）点物理伤害并将其击飞1秒,激情迸发,12/11/10/9/8/7,50,廉颇短暂蓄力后爆发为自身提供抵免350/420/490/560/630/700点伤害的护盾，同时对范围内的敌人造成500/560/620/680/740/800（+155%物理加成）点物理伤害并减少其30%移动速度，持续1秒,正义豪腕,54/45/36,100,廉颇跳向指定区域连续锤击地面三次，第一次锤击会对范围内敌人造成200/280/360（+65%物理加成）点物理伤害，随后每次递增50%的伤害，并且第一次和第二次锤击时，范围内敌人分别会减少30%和50%移动速度，持续1秒，第三次锤击会将范围内的敌人击飞1.5秒。第二下和第三下攻击前可以短暂的移动一段时间，期间移速增加50%。在技能释放期间可以使用豪情突击强制中断当前技能,阿轲,马可波罗,张良,王昭君,后羿,貂蝉,3558,57,0,0,163,近程,0%,200%,0,132,19.7%,0,50,7.6%,0,0,370,0,0,突进,坦克,,0,http://news.17173.com/z/pvp/yxtj/lp/index.shtml,0,冷静之靴,红莲斗篷,冰霜长矛,暴烈之甲,不死鸟之眼,破军
86,大乔,,,,,,,,,,,,,,,,,,,,,,,,,,,,2958,42,470,17,168,远程,0,200%,0,93,13.4%,0,50,7.6%,0,0,360,0,0,辅助,传送,,0,http://news.17173.com/z/pvp/yxtj/dq/index.shtml,0,圣杯,疾步之靴,冰霜法杖,奔狼纹章,冰痕之握,极寒风暴
87,刘禅,,,,,,,,,,,,,,,,,,,,,,,,,,,,3364,54,0,0,178,近程,0%,200%,0,139,20.0%,0,50,7.6%,0,0,380,0,0,坦克,近战,,0,http://news.17173.com/z/pvp/yxtj/ls/index.shtml,0,疾步之靴,红莲斗篷,不死鸟之眼,血魔之怒,暴烈之甲,贤者的庇护
88,姜子牙,,,,,,,,,,,,,,,,,,,,,,,,,,,,2958,42,490,18,168,远程,0,200%,0,106,15%,0,50,7.6%,0,0,330,0,0,突进,射手,,0,http://news.17173.com/z/pvp/yxtj/jzy/index.shtml,0,疾步之靴,回响之杖,虚无法杖,痛苦面具,博学者之怒,贤者之书
89,王昭君,,,,,,,,,,,,,,,,,,,,,,,,,,,,3083,44,490,17,165,远程,0,200%,0,91,13.1%,10,50,7.6%,0,0,340,0,0,控制,法师,,0,http://news.17173.com/z/pvp/yxtj/wzj/index.shtml,0,回响之杖,秘法之靴,博学者之怒,噬神之书,虚无法杖,贤者之书
90,不知火舞,,,,,,,,,,,,,,,,,,,,,,,,,,,,3235,46,200,50,170,近程,0,200%,0,89,12.9%,0,50,7.6%,0,0,390,0,0,法师,突进,高爆发,0,http://news.17173.com/z/pvp/yxtj/bzhw/index.shtml,0,回响之杖,影刃之足,痛苦面具,噬神之书,贤者之书,贤者的庇护
